1.000000000000000000e+00 0.000000000000000000e+00 0.000000000000000000e+00 0.000000000000000000e+00 0.000000000000000000e+00 1.000000000000000000e+00 0.000000000000000000e+00 0.000000000000000000e+00 0.000000000000000000e+00 0.000000000000000000e+00 1.000000000000000000e+00 0.000000000000000000e+00
9.999969985335755984e-01 -2.439725257356981439e-03 2.250877800416428048e-04 -6.534665612605507212e-02 2.439757183886176982e-03 9.999970137520844959e-01 -1.416749695715597570e-04 -1.823052951060289556e-02 -2.247414598721298601e-04 1.422237038672569836e-04 9.999999646318464830e-01 6.101920442294901485e-03
9.999497296264555635e-01 -1.002671098813253357e-02 -5.733008673764931835e-05 8.840977073487715776e-02 1.002670674244967620e-02 9.999497285838996330e-01 -7.387074149129336956e-05 -2.230468603972343006e-02 5.806788524841610747e-05 7.329219601428698446e-05 9.999999956281873104e-01 1.607974341411683508e-03
9.998678201832703616e-01 -1.625347276760587614e-02 -4.083931291593379063e-04 2.462316660857332418e-01 1.625351095882357141e-02 9.998678988819114100e-01 9.037136214119106427e-05 -1.897949812392728253e-02 4.068703314968229786e-04 -9.699723907140517590e-05 9.999999125240306430e-01 -2.524533637276750713e-03
9.998255415662627987e-01 -1.867384496695873031e-02 -4.170681949035750353e-04 2.400481986030949810e-01 1.867387486555731335e-02 9.998256256897709582e-01 6.790849437879464411e-05 -3.369324955400013200e-02 4.157273562288010273e-04 -7.568492645126110099e-05 9.999999107212745875e-01 -1.301300451414167357e-03
9.997718410358978902e-01 -2.135819260368122113e-02 -3.057456382601619069e-04 1.917815486946103098e-01 2.135820658021759383e-02 9.997718865839675395e-01 4.252071470425428112e-05 -1.662497567582099656e-02 3.047677279638817249e-04 -4.904119172499549228e-05 9.999999523557956405e-01 8.154468427220216671e-04
9.996121503789907603e-01 -2.784694986816805065e-02 -3.101575883657067194e-04 2.527740100866125994e-01 2.784691369689775223e-02 9.996121922608262045e-01 -1.203372867685856539e-04 2.325785677559178907e-02 3.133883332444911403e-04 1.116536824018614008e-04 9.999999446606023801e-01 3.171337357497273305e-03
9.995127746640204425e-01 -3.121063664545120978e-02 -3.308226362580430355e-04 2.548587309464593331e-01 3.121063179303501869e-02 9.995128293674824249e-01 -1.982144245235200393e-05 1.629307876395280630e-02 3.312801090232551449e-04 9.486601454342619242e-06 9.999999450817453894e-01 3.334564453630005452e-03
9.992693021056082703e-01 -3.821724052576459807e-02 -5.517209134998468482e-04 3.781230913640732383e-01 3.821724595180014949e-02 9.992694542071011155e-01 -7.083809332407589945e-07 3.561528852019147512e-03 5.513449284721447068e-04 -2.037739052719108213e-05 9.999998478017543269e-01 1.130851633512249162e-03
9.989764486821299805e-01 -4.522709158061816864e-02 -7.517749650463773125e-04 5.057435434061280377e-01 4.522711988751642459e-02 9.989767300586746002e-01 2.068715063665671310e-05 2.076687987094145288e-02 7.500700766656182234e-04 -5.466659274894555701e-05 9.999997172031819259e-01 5.416089954499794541e-04
9.987349297729996023e-01 -5.028042336592941641e-02 -6.473619269999062505e-04 4.478778488517438650e-01 5.028042630081064335e-02 9.987351393602457161e-01 -1.175071742731881029e-05 2.655642975916090026e-02 6.471339354258676645e-04 -2.081378171591392604e-05 9.999997903922061004e-01 2.186296766977958907e-03
9.983764245588165887e-01 -5.695663687962667504e-02 -6.755742119931168205e-04 5.017601655762147228e-01 5.695659624132862892e-02 9.983766523026089690e-01 -7.925678368318693598e-05 3.792218540260117871e-02 6.789917200001513962e-04 4.064969669210602063e-05 9.999997686588963930e-01 2.592736917356854975e-03
9.980251280457654861e-01 -6.281147934219662166e-02 -7.495679277461830738e-04 5.281422626145427790e-01 6.281148090812578577e-02 9.980254091980649278e-01 -2.147471177087557426e-05 3.242923299456433595e-02 7.494366962254059121e-04 -2.564916961809877982e-05 9.999997188433397133e-01 2.609405592068344409e-03
9.976324916927215014e-01 -6.876549497497180807e-02 -8.474785065526598774e-04 5.826904268290736821e-01 6.876550475597348333e-02 9.976328508248731852e-01 -1.762647073669305450e-05 4.203337563670667132e-02 8.466844914898066440e-04 -4.069254735213629465e-05 9.999996407346797289e-01 1.693722264005092246e-03
9.971706895381872160e-01 -7.516464685598274464e-02 -9.443457796548844615e-04 6.617990984774818619e-01 7.516462070410297180e-02 9.971711366659729014e-01 -6.320363936048736201e-05 6.345099198099529714e-02 9.464250337367193433e-04 -7.956575698859687533e-06 9.999995521080738969e-01 3.147755332954504590e-03
9.968860988610677154e-01 -7.884901411297855212e-02 -9.689535452170678275e-04 6.781065772747256748e-01 7.884899282530662135e-02 9.968865696282418476e-01 -6.021022583847412317e-05 3.524899413328048264e-02 9.706842927674498014e-04 -1.637827398721566151e-05 9.999995287517668974e-01 2.461919157293636796e-03
9.963940881938441185e-01 -8.483844889329943129e-02 -1.121874207264213739e-03 7.558571760975129061e-01 8.483845544589659060e-02 9.963947183358408122e-01 -4.183294365122344115e-05 5.842712507857961146e-02 1.121378576807281324e-03 -5.349597720306028707e-05 9.999993698239353357e-01 1.930287874460202531e-03
9.961127204401261093e-01 -8.808118120424167363e-02 -1.074101967604086747e-03 7.438294263620915947e-01 8.808118931392174000e-02 9.961132980246406587e-01 -3.984367601506782206e-05 4.912465084697911766e-02 1.073436731411788869e-03 -5.491938624328718472e-05 9.999994223585555453e-01 3.090077383392654531e-03
9.955717871221623216e-01 -9.399833545549414471e-02 -1.062834879089907770e-03 7.484407725562203240e-01 9.399830162212137463e-02 9.955723542728905917e-01 -8.185163802696691145e-05 6.012979986911488189e-02 1.065822940507723257e-03 -1.841549198982024105e-05 9.999994318410031502e-01 3.182341109198571182e-03
9.947269821475714924e-01 -1.025514744128747241e-01 -1.194187309604003659e-03 8.354710291130814648e-01 1.025513753625489771e-01 9.947276987509072743e-01 -1.440450412481670531e-04 9.964214001541794874e-02 1.202663225721790734e-03 2.081993813371902898e-05 9.999992765835861164e-01 2.278523819522796159e-03
9.940069349861456738e-01 -1.093086263549597481e-01 -1.355508701614899269e-03 9.197925898385634902e-01 1.093086025984142673e-01 9.940078575981976527e-01 -9.182060349016753242e-05 9.756549056066007863e-02 1.357423084486534268e-03 -5.689844533967591280e-05 9.999990770821424180e-01 1.823772541058562083e-03
9.933852685776796143e-01 -1.148193847237196502e-01 -1.488981033387114152e-03 9.898272771452130137e-01 1.148193632095876465e-01 9.933863819233752501e-01 -1.002064406522616778e-04 1.074326561869504842e-01 1.490639123370000613e-03 -7.142025212410188701e-05 9.999988864464557370e-01 2.745580039218912041e-03
9.926502305041863261e-01 -1.210088581792376355e-01 -1.541467529001643846e-03 1.019194946524398571e+00 1.210088277231090442e-01 9.926514246019917387e-01 -1.133521736651676499e-04 1.223012680904278782e-01 1.543856555748550395e-03 -7.401211734084726641e-05 9.999988055138574472e-01 2.568518617883466283e-03
9.917537739349798764e-01 -1.281482776439649141e-01 -1.571885049936126060e-03 1.053018706229797319e+00 1.281482320323836244e-01 9.917550169757332057e-01 -1.301170142809189372e-04 1.179862393724302044e-01 1.575599155655578931e-03 -7.239025014119653695e-05 9.999987561227026145e-01 1.489607212268919236e-03
9.908134253541271974e-01 -1.352267482830136758e-01 -1.575654411321419533e-03 1.089895770271267494e+00 1.352266128076876628e-01 9.908146779586249897e-01 -1.926922570947212218e-04 1.261661463078912193e-01 1.587238665473752640e-03 -2.214833370724776705e-05 9.999987400906413804e-01 2.366180195597355866e-03
9.897180350840333318e-01 -1.430224040377410799e-01 -1.674208071116885764e-03 1.137630596331363542e+00 1.430222971090358008e-01 9.897194494702067358e-01 -1.840381635621607251e-04 1.559090564310515459e-01 1.683317871031732131e-03 -5.730319454840931406e-05 9.999985815776385456e-01 1.820702992877516529e-03
9.883918928623787181e-01 -1.519158833685488041e-01 -1.740834362495833829e-03 1.188214227564164727e+00 1.519157166357996414e-01 9.883934251503525559e-01 -2.283825430108468008e-04 1.695681017459928497e-01 1.755324173934136138e-03 -3.872864573956551020e-05 9.999984586673803522e-01 4.420432634014342726e-04
9.870272180361873149e-01 -1.605417254971922281e-01 -1.904003710310972616e-03 1.258050526551854675e+00 1.605415840998349608e-01 9.870290511691552915e-01 -2.278658216827013187e-04 1.936672138104617025e-01 1.915888947805567026e-03 -8.076200372428018559e-05 9.999981614218290682e-01 1.419707787098248644e-03
9.857193612682753070e-01 -1.683845184595132716e-01 -1.998690576663143467e-03 1.312180475876564056e+00 1.683844942762040831e-01 9.857213749923632307e-01 -1.815778395942484137e-04 1.676319560724530700e-01 2.000726920495669685e-03 -1.575637099007223222e-04 9.999979861307056739e-01 -7.560905423276836901e-04
9.843489841062862400e-01 -1.762178412580099329e-01 -2.085644094558862689e-03 1.367674427984050478e+00 1.762178821751539948e-01 9.843511723899431853e-01 -1.655785250232398283e-04 1.867085266208023397e-01 2.082184099905458850e-03 -2.045407324178359783e-04 9.999978113338363617e-01 -3.330052167786479167e-04
9.828404081291295391e-01 -1.844457042256119894e-01 -2.124697927717357406e-03 1.392159983857105043e+00 1.844455117051717330e-01 9.828426986686890077e-01 -2.878983606033974304e-04 2.246954777645450707e-01 2.141345461000391300e-03 -1.089328542615954288e-04 9.999977013839831397e-01 -2.649989328309838572e-04
9.812854830479031953e-01 -1.925466658469474346e-01 -2.140614553653543903e-03 1.424089933629022697e+00 1.925464376488940921e-01 9.812878123528349095e-01 -3.141281713643047976e-04 2.420857969551672983e-01 2.161043304490121997e-03 -1.039182923091910024e-04 9.999976595436734783e-01 -6.249856174031343621e-04
9.796428591588099977e-01 -2.007365162542721904e-01 -2.172450517360456808e-03 1.471182976586449476e+00 2.007362872080707406e-01 9.796452609164127967e-01 -3.252105970243679162e-04 2.542177947146080919e-01 2.193512496203224235e-03 -1.174994119004950838e-04 9.999975873454981512e-01 -1.822394812867502009e-04
9.784195464501940220e-01 -2.066157325836732450e-01 -2.264988544947504120e-03 1.483701282218503614e+00 2.066155072653450830e-01 9.784221581439663806e-01 -3.355747119353107220e-04 2.619882794923292235e-01 2.285449995261968920e-03 -1.396488997126231718e-04 9.999973786048160784e-01 -1.620926222314412937e-03
9.766683689403973245e-01 -2.147397426863237591e-01 -2.395834367277798350e-03 1.546188491307265434e+00 2.147394478330996448e-01 9.766712973691994426e-01 -3.826741436997855260e-04 2.858587008613985292e-01 2.422118006921724059e-03 -1.407344173658652822e-04 9.999970567647608055e-01 -2.322173246355016974e-03
9.749716039829714465e-01 -2.223160662283421574e-01 -2.436826548471418032e-03 1.610656797915109850e+00 2.223158130302717028e-01 9.749746338252152089e-01 -3.777222217072188676e-04 3.038127904965461923e-01 2.459817790248462581e-03 -1.734766349792753680e-04 9.999969595965259028e-01 -1.972178650785459154e-03
9.731356487965890922e-01 -2.302182934306215567e-01 -2.558595539312977837e-03 1.660788175422566626e+00 2.302182128224837254e-01 9.731389754772200584e-01 -3.299878301050353929e-04 3.066774970010996415e-01 2.565838276887272198e-03 -2.679123712519704964e-04 9.999966723429124515e-01 -3.043394055197210998e-03
9.713311386859145857e-01 -2.377160457111195946e-01 -2.626905135996395694e-03 1.707567452141479869e+00 2.377157959297592216e-01 9.713346648168901254e-01 -4.114493175071173153e-04 3.168409620570010188e-01 2.649412124547157171e-03 -2.248033111496249004e-04 9.999964650331848448e-01 -9.016787009747122446e-04
9.692124200380685117e-01 -2.462111171159911127e-01 -2.714894555295806113e-03 1.762179773598492094e+00 2.462109762207631836e-01 9.692161792582009161e-01 -3.912193167918103366e-04 3.263699158135613954e-01 2.727642272997360135e-03 -2.892622180023847358e-04 9.999962381404241540e-01 -1.196605256777201172e-03
9.669975853897683216e-01 -2.547703675492002384e-01 -2.780228264588278844e-03 1.793534430347490050e+00 2.547701197287277619e-01 9.670015432265790523e-01 -4.488772930724168990e-04 3.474963047849986553e-01 2.802845655319568998e-03 -2.742558293050260682e-04 9.999960344121233691e-01 -2.156001406708513927e-03
9.645486025197449464e-01 -2.638896083662717884e-01 -2.875408406245197942e-03 1.836445110329153696e+00 2.638894297304589798e-01 9.645528331831865199e-01 -4.481906081527851872e-04 3.511038644440043210e-01 2.891756168861436219e-03 -3.264882598099695405e-04 9.999957655668728629e-01 -1.671241375321910012e-03
9.621183414963522251e-01 -2.726160386650142153e-01 -2.965201326073649193e-03 1.905031823204613284e+00 2.726160003250767683e-01 9.621228278247133670e-01 -4.249062658717053624e-04 3.629453968277399634e-01 2.968724147917457205e-03 -3.995512138609186087e-04 9.999955135078162360e-01 -2.060264991207330209e-03
9.593996491259987325e-01 -2.820345608882553479e-01 -2.969801589262726499e-03 1.926190834912996586e+00 2.820343123838234267e-01 9.594041826587964561e-01 -5.108179624528672936e-04 3.969602064491468130e-01 2.993308386139628165e-03 -3.475073751995603772e-04 9.999954596614575308e-01 -2.703012780524737587e-03
9.564847070230125814e-01 -2.917669407655110736e-01 -3.009569310794963249e-03 1.972600794640037458e+00 2.917665974586938771e-01 9.564893812648268545e-01 -5.622588418098579824e-04 4.397673333922089700e-01 3.042669630149107390e-03 -3.402998140471520227e-04 9.999953131677959961e-01 -1.811974915116600819e-03
9.529510489808069584e-01 -3.031084599981817562e-01 -3.091880319525998084e-03 2.016263195231087213e+00 3.031079714443059570e-01 9.529560075274272624e-01 -6.366822628492332242e-04 4.701932632565283265e-01 3.139409705248509454e-03 -3.304465413504469734e-04 9.999950174434799610e-01 -2.625429132026186729e-03
9.492196819062035384e-01 -3.145986570838499308e-01 -3.111341016980813130e-03 2.052189420414403553e+00 3.145980079570305232e-01 9.492247316741163621e-01 -7.086378975980421428e-04 4.940436982889926942e-01 3.176298372933351443e-03 -3.061686462724708146e-04 9.999949086817423449e-01 -3.468983764558611869e-03
9.443744708974987079e-01 -3.288556180446225996e-01 -3.292597387872128051e-03 2.144709525327016753e+00 3.288549733084008553e-01 9.443801368110832373e-01 -7.508175615551024177e-04 5.394813303435046503e-01 3.356374144866455279e-03 -3.737340886698488308e-04 9.999942975214561880e-01 -3.396299498839454312e-03
9.393407400015357789e-01 -3.429676033016641479e-01 -3.492457427018631419e-03 2.225887511632785642e+00 3.429671318358346599e-01 9.393471037701779380e-01 -7.517438924357291866e-04 5.619444974423790651e-01 3.538453570195944711e-03 -4.916544425911259725e-04 9.999936187907604301e-01 -5.537087644421630206e-03
9.331819558714705698e-01 -3.593858008660518744e-01 -3.644636026179862674e-03 2.312155519090778544e+00 3.593853964799167411e-01 9.331888962069844196e-01 -7.879041585449008105e-04 5.963278962219492607e-01 3.684295437371348098e-03 -5.745710195834421389e-04 9.999930478934708766e-01 -6.543902895174653032e-03
9.265629156916418419e-01 -3.761209109329088363e-01 -3.771422013285557952e-03 2.394129744249573033e+00 3.761205214974299715e-01 9.265703693450428879e-01 -8.390234157385583185e-04 6.500625163078945778e-01 3.810062139227651887e-03 -6.411012320035722103e-04 9.999925361799985035e-01 -6.882229203090603487e-03
9.184912072911561864e-01 -3.954227484774219259e-01 -3.840848265141510749e-03 2.452963480765153470e+00 3.954219789005419261e-01 9.184990356760344143e-01 -9.899821080555223571e-04 7.006666520475545168e-01 3.919276873821234304e-03 -6.094659600344092898e-04 9.999921338790770386e-01 -6.406839868271011623e-03
9.105722287782029856e-01 -4.133312717417118587e-01 -3.933951991960923759e-03 2.542893703584965248e+00 4.133305152520466152e-01 9.105804744912535664e-01 -1.041458957947956733e-03 7.478079671311055332e-01 4.012647427021017767e-03 -6.776987992943280057e-04 9.999917196581998846e-01 -4.801386107367220518e-03
9.020630503500068897e-01 -4.315848673130476820e-01 -4.093348216317221205e-03 2.623976889549012981e+00 4.315839237366928538e-01 9.020720476280420508e-01 -1.156572605537080139e-03 8.117935996490415196e-01 4.191654241646495735e-03 -7.233218719167451528e-04 9.999909533791733196e-01 -6.428018733907818819e-03
8.945024371540023500e-01 -4.470430398862598187e-01 -4.232069801168371857e-03 2.709066657845847548e+00 4.470420361436195922e-01 8.945121004514791085e-01 -1.232909749230143553e-03 8.619922695582961092e-01 4.336801369301643456e-03 -7.890723255389391587e-04 9.999902847121807659e-01 -6.588955996599320068e-03
8.862389330392934639e-01 -4.632079210087363674e-01 -4.356085414562979423e-03 2.774364887635845101e+00 4.632068148913676686e-01 8.862492332300502262e-01 -1.320317137013388370e-03 9.240963427378230399e-01 4.472158714649224730e-03 -8.476519994942208333e-04 9.999896405876006478e-01 -7.744055529126412513e-03
8.783254283958663589e-01 -4.780408456642503134e-01 -4.625117277019749791e-03 2.892516985777394911e+00 4.780399115035365298e-01 8.783370348745221934e-01 -1.377017619113604045e-03 9.753074926929187205e-01 4.720682462180090556e-03 -1.001521063583386394e-03 9.999883559885337503e-01 -1.070519801266767851e-02
8.698872761046227975e-01 -4.932268909955699887e-01 -4.833308403570824897e-03 3.003048038022019028e+00 4.932257704433961609e-01 8.699000386165319787e-01 -1.504056340195401506e-03 1.039193021708258557e+00 4.946336199468622137e-03 -1.075552788261294797e-03 9.999871883901321201e-01 -1.338815043403195765e-02
8.625079464699632048e-01 -5.060178867674208769e-01 -5.093186389745431655e-03 3.091084888101414574e+00 5.060170756222449606e-01 8.625220821131350801e-01 -1.541767146350450299e-03 1.092218533231262834e+00 5.173147482757203472e-03 -1.247452867204420276e-03 9.999858411029957095e-01 -1.501514649210954414e-02
8.537260698744525422e-01 -5.206957598815037391e-01 -5.265288040060339507e-03 3.171461788029964257e+00 5.206949149371161711e-01 8.537412499597766269e-01 -1.638192829827487228e-03 1.152596817742105317e+00 5.348193653078830816e-03 -1.343040781833503960e-03 9.999847964174792825e-01 -1.508700636022709644e-02
8.447467730044782019e-01 -5.351392185490601028e-01 -5.376455079502597684e-03 3.232842099064315189e+00 5.351381714671942236e-01 8.447627276503175686e-01 -1.752544305611425249e-03 1.229501489131665348e+00 5.479684048227522961e-03 -1.396690193507903405e-03 9.999840110317939068e-01 -1.710986623801330486e-02
8.358672361104572124e-01 -5.489037684184639998e-01 -5.533228088059898193e-03 3.309677406345137740e+00 5.489030298871465652e-01 8.358841250528035172e-01 -1.786971018037434656e-03 1.284647755047403805e+00 5.606012644960872530e-03 -1.543535136736301277e-03 9.999830949178621919e-01 -1.808509241617490410e-02
8.277069408336252820e-01 -5.611318423982659676e-01 -5.681156798515100970e-03 3.396865092526001995e+00 5.611308541241691872e-01 8.277248884077622604e-01 -1.916679482291692820e-03 1.355759192483496633e+00 5.777944766263204066e-03 -1.601423455917874890e-03 9.999820252370503759e-01 -2.026199177858710454e-02
8.187873805579047870e-01 -5.740670952973224717e-01 -5.847694932171784710e-03 3.461832586820892566e+00 5.740659914404219188e-01 8.188065127591468428e-01 -2.032765291563932899e-03 1.411895194532520437e+00 5.955074361440236552e-03 -1.692560220509667455e-03 9.999808359809950753e-01 -1.963530687774777544e-02
8.110396060537927720e-01 -5.849616000489262779e-01 -5.889302191992084462e-03 3.524359962706472338e+00 5.849604927661201659e-01 8.110590977160250237e-01 -2.088519783311491677e-03 1.452480386344609187e+00 5.998275996193834850e-03 -1.751136849983776431e-03 9.999804769118275649e-01 -1.852590810602548418e-02
8.034527542074001438e-01 -5.953373655968695610e-01 -6.090392493302546409e-03 3.601653876926333542e+00 5.953365084390241924e-01 8.034735950967993867e-01 -2.150279483244243398e-03 1.506853385012171920e+00 6.173611274995983306e-03 -1.898185028857729073e-03 9.999791414911720633e-01 -2.078160218962854175e-02
7.968142159089455223e-01 -6.041929896746319750e-01 -6.159265657728907502e-03 3.633745506605659426e+00 6.041918499258259745e-01 7.968356955722593060e-01 -2.254494418274532747e-03 1.560334201416621269e+00 6.270072457372803491e-03 -1.924964909759320107e-03 9.999784901194002096e-01 -2.131060155668310432e-02
7.881469718098315091e-01 -6.154560473524662845e-01 -6.180987321735695143e-03 3.660356569238731428e+00 6.154550189532904669e-01 7.881686776264037464e-01 -2.292434045045690146e-03 1.608038424346623696e+00 6.282552999978035548e-03 -1.997344718572366829e-03 9.999782698348388399e-01 -2.054324017326734225e-02
7.790011445643019172e-01 -6.269918176173538971e-01 -6.203016072401144540e-03 3.697794883843301683e+00 6.269901830805091336e-01 7.790233154767731705e-01 -2.446275586637034014e-03 1.656118863208239089e+00 6.366088923136163646e-03 -1.983578700976174839e-03 9.999777689165693095e-01 -2.135066006538089908e-02
7.695523147053308088e-01 -6.385524189107794069e-01 -6.327972413024816022e-03 3.773665187505314211e+00 6.385503969152046544e-01 7.695756239052653491e-01 -2.598016600415445094e-03 1.726851342346055418e+00 6.528823102374522493e-03 -2.041419607512881627e-03 9.999766032637383839e-01 -2.117003194665418447e-02
7.616649782701263582e-01 -6.479382659384148591e-01 -6.516472165817344814e-03 3.843241195027264023e+00 6.479371045596130640e-01 7.616894945197552058e-01 -2.573416628661702801e-03 1.760989770336012450e+00 6.630943497945613815e-03 -2.262182786513404487e-03 9.999754562574860728e-01 -2.403531613280890725e-02
7.517295492860944783e-01 -6.594385848615792467e-01 -6.590715126839763113e-03 3.893182015047358391e+00 6.594374118508873339e-01 7.517547722397815990e-01 -2.657492449186158335e-03 1.812416256838046857e+00 6.707054609046362442e-03 -2.348448524431794807e-03 9.999747497852130573e-01 -2.431026276631088542e-02
7.413873873889056387e-01 -6.710443615613724822e-01 -6.648807212047346329e-03 3.939158076802520281e+00 6.710428247262215651e-01 7.414133393727042609e-01 -2.790624243593004070e-03 1.855394235028546612e+00 6.802147021828899506e-03 -2.392700755490765208e-03 9.999740025515604369e-01 -2.228360587298985895e-02
7.309421056138097894e-01 -6.824058529807142115e-01 -6.774220140642561901e-03 4.002534170625040133e+00 6.824044043840671314e-01 7.309691659318261481e-01 -2.882244638639167109e-03 1.922173749937557519e+00 6.918606657173723314e-03 -2.516003695180713071e-03 9.999729009364849430e-01 -1.798259292060521569e-02
7.212207147433280507e-01 -6.926709583477234089e-01 -6.901020704893026658e-03 4.057938263610659568e+00 6.926697233548885224e-01 7.212488647954289345e-01 -2.954552210930536972e-03 1.979952706756713310e+00 7.023885860767487346e-03 -2.649243845210809238e-03 9.999718228702564327e-01 -2.325565335550182008e-02
7.115013263850473724e-01 -7.026502271501949837e-01 -6.965690066165848918e-03 4.111948355259690047e+00 7.026489096854650063e-01 7.115301995809584223e-01 -3.047097325122051156e-03 2.041213085144199635e+00 7.097342470643846352e-03 -2.726420741749636771e-03 9.999710967621980862e-01 -2.449675675503974748e-02
7.039189519191243471e-01 -7.102451619265861549e-01 -7.065344220837357393e-03 4.153914461871207386e+00 7.102442188221271824e-01 7.039486328758478573e-01 -3.077645523974148305e-03 2.078532390063674296e+00 7.159522248583381938e-03 -2.851706875223593111e-03 9.999703040636106488e-01 -2.516547453059182413e-02
6.976337394109795031e-01 -7.164194399555018355e-01 -7.095892424403706100e-03 4.163587925678045920e+00 7.164184084600234703e-01 6.976638242247195087e-01 -3.138851341935439392e-03 2.113636479585533579e+00 7.199281565589668933e-03 -2.893859358165247388e-03 9.999698975083972652e-01 -2.657743622381582294e-02
6.913858225639893940e-01 -7.224507050637484218e-01 -7.114991947200475370e-03 4.178343105179676442e+00 7.224493786515532312e-01 6.914163020260044590e-01 -3.223752265584636182e-03 2.150578171361220203e+00 7.248423518300630211e-03 -2.911364899482028843e-03 9.999694916900822017e-01 -2.599896072092517524e-02
6.843662686472614665e-01 -7.291034895914826341e-01 -7.135250755736804833e-03 4.204299947658613590e+00 7.291021970834564714e-01 6.843970381073931630e-01 -3.268093925234382292e-03 2.183675134185447231e+00 7.266123168580921991e-03 -2.965753757547660244e-03 9.999692034051591571e-01 -2.617369547554573850e-02
6.791866144465601440e-01 -7.339312094528632757e-01 -7.107921473763122167e-03 4.201538639607075076e+00 7.339298030773965253e-01 6.792172974665062757e-01 -3.302571281530981059e-03 2.215455991713534800e+00 7.251683348971860177e-03 -2.973653199857100634e-03 9.999692847659138462e-01 -2.509051891621615418e-02
6.735374465195524962e-01 -7.391185237498516525e-01 -7.149544444306658170e-03 4.229865219017281852e+00 7.391167731331356183e-01 6.735687341144382945e-01 -3.399425941852966034e-03 2.249828497648715953e+00 7.328288284585864065e-03 -2.994707550539902393e-03 9.999686634677632524e-01 -2.583263245408699491e-02
6.675817721758307011e-01 -7.445018695410581255e-01 -7.179394713114402131e-03 4.252880247147061255e+00 7.445003454448666513e-01 6.676133398214326720e-01 -3.415278165361798363e-03 2.281220381754600179e+00 7.335740661433256572e-03 -3.065084393893070542e-03 9.999683955838837290e-01 -2.593415693032262784e-02
6.593011034198277276e-01 -7.518436051521371066e-01 -7.297151583674111631e-03 4.286186759766623666e+00 7.518427341503202133e-01 6.593335819140517806e-01 -3.425035146890353498e-03 2.335311568636727841e+00 7.386347864044470225e-03 -3.228180946582380386e-03 9.999675098286980868e-01 -2.860020133197787792e-02
6.513346236459911509e-01 -7.587551724256990093e-01 -7.334600001570188571e-03 4.317048421147888781e+00 7.587537417844508747e-01 6.513678398505351463e-01 -3.563219968301712098e-03 2.372906626514806216e+00 7.481134140629964666e-03 -3.244306658661942015e-03 9.999667530004557880e-01 -2.855394954562923485e-02
6.429200521090470133e-01 -7.658978208473347093e-01 -7.371201896868201202e-03 4.341330240907747218e+00 7.658964397022084425e-01 6.429537507311982036e-01 -3.621887928354460863e-03 2.412796491140130950e+00 7.513337978668281104e-03 -3.316992913506742850e-03 9.999662730864626869e-01 -2.899282185474562346e-02
6.335064821387901279e-01 -7.737013661652653029e-01 -7.465459271676268965e-03 4.383788398858300184e+00 7.736999261946805317e-01 6.335412646118498969e-01 -3.726961277511238371e-03 2.463621290903824423e+00 7.613231539941530540e-03 -3.414971159521685510e-03 9.999651877328025185e-01 -3.038621243302554176e-02
6.229836581101000359e-01 -7.821982127646749383e-01 -7.570843777700908724e-03 4.434121860533688952e+00 7.821970926200616514e-01 6.230195034204791815e-01 -3.795609888035965211e-03 2.528931538685017077e+00 7.685702601630904802e-03 -3.557289058790822842e-03 9.999641371919651966e-01 -2.982639649273603061e-02
6.155275287118122662e-01 -7.880783934524232537e-01 -7.635913264107472252e-03 4.471821732250472081e+00 7.880776608114125059e-01 6.155639732697189004e-01 -3.820385112680095650e-03 2.560722134843168796e+00 7.711156070367428290e-03 -3.666140456201275131e-03 9.999635480787356645e-01 -2.972845763493453530e-02
6.089621393330034715e-01 -7.931625778599424859e-01 -7.631378744519586033e-03 4.507874800460813347e+00 7.931619202599970997e-01 6.089986557948394719e-01 -3.847790216787787612e-03 2.605298304185053482e+00 7.699422604685406818e-03 -3.709760457114788176e-03 9.999634776175104767e-01 -3.290551858278387837e-02
6.026286509168508054e-01 -7.979849254377219259e-01 -7.666020368483617703e-03 4.507822808914947466e+00 7.979839707265053983e-01 6.026657883059767240e-01 -3.940820865704227315e-03 2.654414540083952723e+00 7.764763853224259521e-03 -3.742509811508509896e-03 9.999628503412586467e-01 -3.235071310402397315e-02
5.948772962578999790e-01 -8.037795913338842135e-01 -7.705254831901794769e-03 4.522302922151421711e+00 8.037783137697799285e-01 5.949151526377336463e-01 -4.047650606335571020e-03 2.691417633214554517e+00 7.837391804656245256e-03 -3.785461287058921719e-03 9.999621220689034473e-01 -3.224915150756239857e-02
5.882470291641033189e-01 -8.086443339365532168e-01 -7.731356408474490335e-03 4.533860496138520269e+00 8.086433784326292340e-01 5.882851432348210619e-01 -4.059158317867090499e-03 2.727459007460012241e+00 7.830657486453521110e-03 -3.864122344623495756e-03 9.999618739541201728e-01 -3.506409568806741900e-02
5.808947595099069883e-01 -8.139413888606986669e-01 -7.790627281828687613e-03 4.571297137055237769e+00 8.139406040926057129e-01 5.809335506381281267e-01 -4.111295701060055548e-03 2.768112653480211183e+00 7.872190501468848481e-03 -3.952877748490581621e-03 9.999612009344233110e-01 -3.467649672189898613e-02
5.737006967762585674e-01 -8.190278407548342576e-01 -7.804267224365104769e-03 4.583595022205969371e+00 8.190263197440389442e-01 5.737401725454676082e-01 -4.254641469319119136e-03 2.804778090478765584e+00 7.962291439700586518e-03 -3.951009487589233864e-03 9.999604949392042474e-01 -3.414902840854585481e-02
5.669784814570300036e-01 -8.236949526960489765e-01 -7.875688397474602323e-03 4.606934263022586684e+00 8.236935830009258774e-01 5.670187700783181350e-01 -4.312273410656783032e-03 2.850629209309759826e+00 8.017660991659498679e-03 -4.042187764712963996e-03 9.999596881026242556e-01 -3.661501453169747899e-02
5.614998922271612347e-01 -8.274388179378261432e-01 -7.929287391636615639e-03 4.629600822605200783e+00 8.274375459064301497e-01 5.615408184953909476e-01 -4.360824219171085918e-03 2.884265841649559903e+00 8.060933769130376736e-03 -4.112387771036442492e-03 9.999590539685063728e-01 -3.730466180865370934e-02
5.555914694658814490e-01 -8.314174766840425335e-01 -7.943457753515240777e-03 4.643450374000597236e+00 8.314165507461168669e-01 5.556325200385385799e-01 -4.361401271688962987e-03 2.918284056314545349e+00 8.039788689519551668e-03 -4.181164904957106014e-03 9.999589389859292465e-01 -3.786114626575450004e-02
5.491287371338734458e-01 -8.356996527510417438e-01 -7.982508725055527041e-03 4.656359928124822467e+00 8.356986149721764567e-01 5.491704217267509014e-01 -4.435406863924901480e-03 2.944443971340029886e+00 8.090425658967838676e-03 -4.235362115670222860e-03 9.999583024908618167e-01 -3.706799774713168127e-02
5.410040127990181080e-01 -8.409820868203954358e-01 -7.986725397353875572e-03 4.671806399798563270e+00 8.409811547134427023e-01 5.410459084071165270e-01 -4.474641076416293120e-03 2.985761273676078797e+00 8.084278088026350395e-03 -4.295886768869307260e-03 9.999580940242768223e-01 -3.780591583561890290e-02
5.348364346977777517e-01 -8.449172970917836478e-01 -8.046688442102148051e-03 4.704983211675680010e+00 8.449162992365125691e-01 5.348791628011829724e-01 -4.552854662899909720e-03 3.035154958710649886e+00 8.150791633062667504e-03 -4.363745664007626264e-03 9.999572602464238402e-01 -3.904317610685659884e-02
5.287118999094231331e-01 -8.487624179193570262e-01 -8.129257152708452630e-03 4.734469238601424657e+00 8.487616970836405761e-01 5.287555253206198680e-01 -4.601739520421025374e-03 3.068383371801069348e+00 8.204173198234377198e-03 -4.466807652232072760e-03 9.999563686339175694e-01 -3.957588524478677233e-02
5.224044077416299947e-01 -8.526587411429698005e-01 -8.167369503268019984e-03 4.748365994472846019e+00 8.526576000643153463e-01 5.224488533761620923e-01 -4.713030712371218435e-03 3.106035343997908260e+00 8.285639666260410582e-03 -4.501861661530589219e-03 9.999555397200924345e-01 -3.801647058566296616e-02
5.143190660187226815e-01 -8.575598835851326873e-01 -8.181955455917665904e-03 4.764153818641226223e+00 8.575587940000034548e-01 5.143638818952445124e-01 -4.765693539759367076e-03 3.145640017560325852e+00 8.295369966958246466e-03 -4.565420803038001268e-03 9.999551708801762695e-01 -4.062501563110447467e-02
5.080726934260986205e-01 -8.612749287882773830e-01 -8.224064414722479996e-03 4.779447461285058374e+00 8.612741849865163113e-01 5.081179629568665090e-01 -4.786856627980638768e-03 3.191297814216524920e+00 8.301594459018559954e-03 -4.651103236044016112e-03 9.999547243591210277e-01 -3.943155151916399870e-02
5.022246489596060570e-01 -8.646980378638358111e-01 -8.228322540662946424e-03 4.798879628892411375e+00 8.646966896042753703e-01 5.022704818533666460e-01 -4.898780072074103778e-03 3.224092777006178689e+00 8.368809043592632599e-03 -4.654715159879757244e-03 9.999541472797501829e-01 -4.030841455492269187e-02
4.967050428125225903e-01 -8.678804345413321242e-01 -8.225070513907051586e-03 4.815897858076628069e+00 8.678791435546121535e-01 4.967509797660971671e-01 -4.925066937152582612e-03 3.258895409920557373e+00 8.360181069989694111e-03 -4.692061569413032325e-03 9.999540449094177497e-01 -4.050535855704164023e-02
4.894915645821755756e-01 -8.719690316950245990e-01 -8.247179380563371062e-03 4.817203231344262981e+00 8.719678495636769000e-01 4.895379103806896115e-01 -4.970274379259146010e-03 3.292053971554101732e+00 8.371232298236891065e-03 -4.758367887129476108e-03 9.999536391277645819e-01 -4.079086783546138212e-02
4.823087146542899273e-01 -8.759624623900416074e-01 -8.250348604860294893e-03 4.834144117524990847e+00 8.759610548134023622e-01 4.823554525874707011e-01 -5.044582175733332979e-03 3.345231153734899543e+00 8.398465259686078987e-03 -4.793938121345821604e-03 9.999532408760773983e-01 -3.964777071863068159e-02
4.754339940670816445e-01 -8.797113178730655569e-01 -8.397290721206804309e-03 4.874474522580280578e+00 8.797109171311705555e-01 4.754820242447428402e-01 -5.054394163172250265e-03 3.390534210700052231e+00 8.439168540625197751e-03 -4.984157517183578426e-03 9.999519681505640856e-01 -4.243942162745403812e-02
4.691905162200189494e-01 -8.830568222610812867e-01 -8.420697557407912787e-03 4.889215564974097816e+00 8.830560819051811450e-01 4.692392207931559422e-01 -5.148774582555990485e-03 3.419310816002066655e+00 8.497982081783438807e-03 -5.020191987663202328e-03 9.999512898001305938e-01 -4.312605039992181699e-02
4.614903145843209931e-01 -8.871048931204552623e-01 -8.461568803118409490e-03 4.907598961868194110e+00 8.871034979850849211e-01 4.615401378695399570e-01 -5.299528091460668430e-03 3.475070787570457842e+00 8.606590933147936426e-03 -5.060606397611182306e-03 9.999501571855459181e-01 -4.353954489298370034e-02
4.552886284736953337e-01 -8.903034125866637893e-01 -8.491072905235532917e-03 4.926143449917366191e+00 8.903024423294436662e-01 4.553387578790647483e-01 -5.308178159982320996e-03 3.516930823947522100e+00 8.592203720180787915e-03 -5.142869791376184635e-03 9.999498612058206337e-01 -4.254947485666518009e-02
4.483312172250979444e-01 -8.938271174640336492e-01 -8.497278823188104957e-03 4.930366852550989165e+00 8.938259306649075642e-01 4.483817930996908396e-01 -5.382684062646051967e-03 3.550108719385444367e+00 8.621214095143627659e-03 -5.181862854511075367e-03 9.999494102027776110e-01 -4.370466288309788477e-02
4.410037011043523858e-01 -8.974650014108632723e-01 -8.503343745969609013e-03 4.936314760008848168e+00 8.974631754546443796e-01 4.410549938915035995e-01 -5.508272527005365383e-03 3.601415105238807257e+00 8.693924035156272434e-03 -5.202269309139488131e-03 9.999486747223109706e-01 -4.433790796408635521e-02
4.340434571376513562e-01 -9.008508602473128679e-01 -8.602610514976851211e-03 4.964099960496001884e+00 9.008497273446336440e-01 4.340957660247510841e-01 -5.534858849524578427e-03 3.652710739525058425e+00 8.720439157253121951e-03 -5.347290067052402028e-03 9.999476788461701959e-01 -4.468038278942862429e-02
4.289920964098505873e-01 -9.032670472763669745e-01 -8.626848933146554280e-03 4.974249685456957337e+00 9.032659783838484779e-01 4.290448449094521610e-01 -5.576141218936199635e-03 3.673785267135831312e+00 8.738049676603678803e-03 -5.400218630579459340e-03 9.999472406715221862e-01 -4.536885868004741917e-02
4.232861766062497866e-01 -9.059551187105119308e-01 -8.610201872482674268e-03 4.982210054513036113e+00 9.059532910353023105e-01 4.233394055357804220e-01 -5.690534501852469000e-03 3.717171145511208863e+00 8.800406602391896982e-03 -5.391716130718920454e-03 9.999467397020694870e-01 -4.475703668517352213e-02
4.166368467086990490e-01 -9.090316052142540793e-01 -8.676329075631780338e-03 5.004634266468519499e+00 9.090303253461694544e-01 4.166907962778207963e-01 -5.713833948686845854e-03 3.760788583003998209e+00 8.809402117595918277e-03 -5.506452483433982303e-03 9.999460352515920913e-01 -4.359764072055378331e-02
4.095199817711568935e-01 -9.122595985708839006e-01 -8.706856231802645452e-03 5.016574181362511098e+00 9.122580875982988502e-01 4.095747287054474217e-01 -5.807169478663162972e-03 3.794940149573318600e+00 8.863754376456249584e-03 -5.564748075973451925e-03 9.999452322188474573e-01 -4.518608745241468883e-02
4.034712821575567876e-01 -9.149503965950838147e-01 -8.757639215931643448e-03 5.040479476725583829e+00 9.149489359831834978e-01 4.035268682222175052e-01 -5.874620499207300166e-03 3.850359056956385917e+00 8.908929081420298782e-03 -5.642552017337021907e-03 9.999443947487050011e-01 -4.730930063000946678e-02
3.969900797904954981e-01 -9.177808432200640354e-01 -8.786373893971802934e-03 5.045416128732586714e+00 9.177795216855395566e-01 3.970461987911215740e-01 -5.921621415090252277e-03 3.886180148647855326e+00 8.923347051330569879e-03 -5.713129071693964084e-03 9.999438654412614591e-01 -4.587252461473513565e-02
3.899157618546807980e-01 -9.208089166544363158e-01 -8.754294201565362629e-03 5.051145962597191286e+00 9.208066890700506990e-01 3.899723444311790077e-01 -6.050780338208926537e-03 3.931625920545696484e+00 8.985545121764847501e-03 -5.701718033500485089e-03 9.999433735918905608e-01 -4.665942583819422673e-02
3.826266124882897746e-01 -9.238608307540073783e-01 -8.834071216130320869e-03 5.082165143112632677e+00 9.238591201774041251e-01 3.826841809887296941e-01 -6.094562003805046972e-03 3.980839714450602251e+00 9.011186424058081207e-03 -5.829495647202917637e-03 9.999424060913358892e-01 -4.574396097452076287e-02
3.769417909673377087e-01 -9.261940665406998008e-01 -8.912762037537217547e-03 5.102360221808717178e+00 9.261926548160761552e-01 3.770004193454568053e-01 -6.152233586162342630e-03 4.028842548254094602e+00 9.058277269153772182e-03 -5.935900786873095358e-03 9.999413546277419185e-01 -4.788779244537159918e-02
3.718011763401363190e-01 -9.282695801504508015e-01 -8.914697941994450398e-03 5.109686637865642922e+00 9.282682665195856053e-01 3.718599870301736443e-01 -6.178625951045878424e-03 4.059204867800825234e+00 9.050449978572010223e-03 -5.978010808396351343e-03 9.999411746407685930e-01 -4.972106767716417269e-02
3.668558697808363966e-01 -9.302343691442994666e-01 -8.988285156434273893e-03 5.130711864038584480e+00 9.302328161139160612e-01 3.669160179703967462e-01 -6.288368748786557841e-03 4.103391136774422243e+00 9.147602533955481729e-03 -6.054272826266041130e-03 9.999398317641046141e-01 -4.788914994509902573e-02
3.604978592227184864e-01 -9.327171059348555726e-01 -8.949513525574877976e-03 5.115139062513690327e+00 9.327152548301231860e-01 3.605579782866596972e-01 -6.340165693010221294e-03 4.141370279070129001e+00 9.140399499762346530e-03 -6.061731629164701131e-03 9.999398524444561565e-01 -5.087132756907398329e-02
3.540550048118654702e-01 -9.351816510434539653e-01 -8.962874500385808324e-03 5.123904068111503562e+00 9.351797250397698713e-01 3.541156402377244605e-01 -6.402750468916503304e-03 4.187502887057200418e+00 9.161628796815080716e-03 -6.114972662755355573e-03 9.999393339933794200e-01 -5.012774551451282951e-02
3.482008240969277635e-01 -9.373759202728468853e-01 -9.086814120117614121e-03 5.165007781705811318e+00 9.373744808631361281e-01 3.482630572696958637e-01 -6.474995577636566066e-03 4.235541540268010330e+00 9.234106604663292264e-03 -6.263148872388048585e-03 9.999377501831882009e-01 -4.942813112893246208e-02
3.426232756021877490e-01 -9.394288943218190857e-01 -9.090848635400715014e-03 5.182697549747300236e+00 9.394277751938763243e-01 3.426856049430798690e-01 -6.483159652459248579e-03 4.273590223439517111e+00 9.205770468089886568e-03 -6.318914311801251613e-03 9.999376606129048994e-01 -5.190848241586437650e-02
3.363787837047679252e-01 -9.416824001939564370e-01 -9.141719654980895449e-03 5.194439378443115984e+00 9.416813394016739780e-01 3.364420599835646897e-01 -6.557079890073939411e-03 4.316665740230117621e+00 9.250345721662365378e-03 -6.402924251058951348e-03 9.999367148300261077e-01 -5.143370528592580704e-02
3.307834906632169947e-01 -9.436616578080258000e-01 -9.217260312385308282e-03 5.220067722813200639e+00 9.436608754103824603e-01 3.308478823947066383e-01 -6.620493535177129039e-03 4.363269976386505711e+00 9.297016960746017425e-03 -6.508017973791742176e-03 9.999356035153885713e-01 -5.275726978934972000e-02
3.251525103662606941e-01 -9.456164008650804753e-01 -9.244858976231683928e-03 5.227160572848922548e+00 9.456152060353995026e-01 3.252178510299553738e-01 -6.725435754419928532e-03 4.410756046757655646e+00 9.366275521668961795e-03 -6.555286906720888922e-03 9.999346484127964452e-01 -5.235403069788951980e-02
3.190120305795026701e-01 -9.477058319683850929e-01 -9.218481363753621566e-03 5.222202146972232839e+00 9.477043360710706299e-01 3.190775197372310856e-01 -6.784378411354688790e-03 4.454128043144813809e+00 9.371005156011639331e-03 -6.572096427193660148e-03 9.999344937599250471e-01 -5.427848110272514431e-02
3.132739733392111425e-01 -9.496177366252802621e-01 -9.250508901859619271e-03 5.240604382147908247e+00 9.496157619902565461e-01 3.133405381101262988e-01 -6.900127282979845976e-03 4.502412569457188596e+00 9.451042689990873241e-03 -6.622798769151679900e-03 9.999334059468837355e-01 -5.378976647880946704e-02
3.092438684538739713e-01 -9.509374440569086095e-01 -9.284789399706583693e-03 5.242660575988455918e+00 9.509358104843369519e-01 3.093108848706394021e-01 -6.918152863243242842e-03 4.533814836088608580e+00 9.450617026428289810e-03 -6.689842379001775807e-03 9.999329636764475726e-01 -5.548729891519714463e-02
3.045360669064599568e-01 -9.524551531784247738e-01 -9.325510013293999978e-03 5.249007956993289703e+00 9.524539648125075475e-01 3.046035901801036339e-01 -6.935255029660875731e-03 4.566678157752136258e+00 9.446103221916947457e-03 -6.770083696334439419e-03 9.999324662699303756e-01 -5.637872823332200356e-02
2.997091278153417582e-01 -9.539856552337179219e-01 -9.263277630576259927e-03 5.239457300225622838e+00 9.539838854318741790e-01 2.997764301144151267e-01 -6.988439322343751453e-03 4.599410063924762149e+00 9.443783165240053276e-03 -6.742518531761221290e-03 9.999326744353225216e-01 -5.647913039337850577e-02
2.939727347908662747e-01 -9.557693748614001228e-01 -9.215925163948875121e-03 5.240549524603231646e+00 9.557670034778001922e-01 2.940400917291527971e-01 -7.061127316376572885e-03 4.654729629061270302e+00 9.458660721566525958e-03 -6.732498270321359002e-03 9.999326013309068895e-01 -5.450906779192012802e-02
2.892111788390764326e-01 -9.572196829058898793e-01 -9.347336094269598564e-03 5.289169517008094346e+00 9.572172199861936903e-01 2.892807459234928436e-01 -7.200263873662888711e-03 4.716514739476681761e+00 9.596238659734223839e-03 -6.865034267578893831e-03 9.999303893312225799e-01 -5.601155745928045743e-02
2.849542739907759969e-01 -9.584950060049987064e-01 -9.401340216562626556e-03 5.304999605223306602e+00 9.584937801658058865e-01 2.850239647028754986e-01 -7.142333548496930876e-03 4.741727741876723634e+00 9.525498299501538452e-03 -6.975887651886019183e-03 9.999302985076582440e-01 -5.749940151651862508e-02
2.806116832924252513e-01 -9.597749130307982046e-01 -9.444549566580093605e-03 5.314102202315441836e+00 9.597724474970736885e-01 2.806831517629471140e-01 -7.336030390841095927e-03 4.786992779709771995e+00 9.691863869689882824e-03 -7.006042616365693379e-03 9.999284890138839810e-01 -5.793246828838654466e-02
2.754567505093519220e-01 -9.612676675892776190e-01 -9.383487960198909350e-03 5.300377434826195611e+00 9.612646601058688622e-01 2.755280013757291924e-01 -7.387400723184122525e-03 4.838504859017638715e+00 9.686683146329366778e-03 -6.985105966749380335e-03 9.999286856892625197e-01 -5.649087506103554757e-02
2.713988599923541356e-01 -9.624211781371684316e-01 -9.388006599666664370e-03 5.311828436227552963e+00 9.624176001562728677e-01 2.714708195464435869e-01 -7.480444119368865642e-03 4.876642234903089346e+00 9.747907687871166377e-03 -7.004998775669222556e-03 9.999279515484411629e-01 -5.551689814196517775e-02
2.672850941596209839e-01 -9.635724940173546749e-01 -9.312744668357313474e-03 5.308260938894460601e+00 9.635690069741886798e-01 2.673561134411258644e-01 -7.448315543269814175e-03 4.909770340507932929e+00 9.666811204258300358e-03 -6.982648410979783345e-03 9.999288951632060440e-01 -5.694471657278801779e-02
2.632325385095684034e-01 -9.646872612320864793e-01 -9.333739140619856656e-03 5.302917924251588033e+00 9.646835560948781030e-01 2.633042571666009968e-01 -7.516964685620556100e-03 4.923004334105380408e+00 9.709133326357345661e-03 -7.025394969752431912e-03 9.999281856991381057e-01 -5.649658285838916189e-02
2.583922181125627437e-01 -9.659940211677078281e-01 -9.434653523688706425e-03 5.329413342459713654e+00 9.659904246990940191e-01 2.584656442087973627e-01 -7.616439679776003738e-03 4.997729416315533690e+00 9.795968994135111421e-03 -7.145756221258995136e-03 9.999264858775830378e-01 -5.698038810233671536e-02
2.543492577975484670e-01 -9.670661165528030567e-01 -9.464738417764958361e-03 5.349612553161930961e+00 9.670625935010001006e-01 2.544233237362166777e-01 -7.662414119314651245e-03 5.035255496415104837e+00 9.818111272326606603e-03 -7.204065136907192995e-03 9.999258503191861269e-01 -5.725807947862145836e-02
2.502863262676612299e-01 -9.681247792152057885e-01 -9.548128243118991429e-03 5.377281690144299020e+00 9.681219727771598338e-01 2.503613741008586802e-01 -7.682980176360696724e-03 5.086261211884894884e+00 9.828565993992491659e-03 -7.320807867929085729e-03 9.999248997113046045e-01 -6.019156634679515699e-02
2.467262043684219641e-01 -9.690390065366489836e-01 -9.464876566334792102e-03 5.351731276733811882e+00 9.690347528556362278e-01 2.468012693237741084e-01 -7.796231024656914352e-03 5.128651809104871617e+00 9.890795517428007527e-03 -7.248259835174405280e-03 9.999248146202764920e-01 -5.837179394707719959e-02
2.422537870739420729e-01 -9.701668839868454741e-01 -9.450918663705475120e-03 5.350663075134981739e+00 9.701623687410142471e-01 2.423291059718076790e-01 -7.847463139696832929e-03 5.157289114540120067e+00 9.903581531829321744e-03 -7.267847973044435847e-03 9.999245458826796495e-01 -5.864243701035326550e-02
2.388980434469117897e-01 -9.709991216416292703e-01 -9.403755017114549114e-03 5.349198702903194658e+00 9.709944385530345778e-01 2.389729742959288972e-01 -7.856071234045218163e-03 5.187907246927710325e+00 9.875481573802104979e-03 -7.254193776140454783e-03 9.999249229498901048e-01 -5.832004892323377349e-02
2.353946413857779252e-01 -9.718536145064222698e-01 -9.482340305190121998e-03 5.375237458740359742e+00 9.718492053091043470e-01 2.354707889762961415e-01 -7.913891517000139902e-03 5.228426849261944120e+00 9.923958228613149329e-03 -7.352517234459312462e-03 9.999237248627486085e-01 -5.941914888772377445e-02
2.321182389278242386e-01 -9.726407668410560481e-01 -9.542632544959329943e-03 5.375270563786810563e+00 9.726363949367647921e-01 2.321954965513408631e-01 -7.980891284203848329e-03 5.269302132796285676e+00 9.978296520926948493e-03 -7.429001286771668225e-03 9.999226187752838779e-01 -5.886075316048565431e-02
2.280397692423746792e-01 -9.736046189219582647e-01 -9.586952472651105034e-03 5.388454670248591150e+00 9.736005773528866314e-01 2.281177307727108028e-01 -8.013531383521238158e-03 5.304636541488663148e+00 9.988965011959345663e-03 -7.506458614913090639e-03 9.999219337813589625e-01 -6.057990064711734485e-02
2.237609773733834073e-01 -9.745972555839068630e-01 -9.550623708703702766e-03 5.380751599994357370e+00 9.745920912039576223e-01 2.238394877471245881e-01 -8.132618754228963451e-03 5.346364783732205694e+00 1.006383463720353887e-02 -7.488199611516256973e-03 9.999213199542117403e-01 -6.133244859990808623e-02
2.197520859370546420e-01 -9.755094901223578807e-01 -9.500284602595998606e-03 5.387380541063565786e+00 9.755043251117562209e-01 2.198300715149935636e-01 -8.127197916223891094e-03 5.395547464626376133e+00 1.001660693898052956e-02 -7.481600024711538080e-03 9.999218435690362394e-01 -6.116885855624699248e-02
2.161431407700784568e-01 -9.763155774164724576e-01 -9.488729735125486092e-03 5.389218915311229985e+00 9.763099471007405938e-01 2.162215287588079571e-01 -8.193759415133268151e-03 5.436953598501286677e+00 1.005136260390548583e-02 -7.492916331052279846e-03 9.999214100691417029e-01 -6.091129001313449337e-02
2.119795895380927053e-01 -9.772272116813475185e-01 -9.572375293567591398e-03 5.408222207230866552e+00 9.772221408985913849e-01 2.120591488349936604e-01 -8.234362935400571515e-03 5.480141935907036910e+00 1.007675328841680165e-02 -7.608820202711003879e-03 9.999202792714463328e-01 -6.209520533696441524e-02
2.081417648558047118e-01 -9.780517468473138853e-01 -9.580512075514821188e-03 5.424668460044136609e+00 9.780460135393499455e-01 2.082222104130593276e-01 -8.337055264630429882e-03 5.550619853207166443e+00 1.014894686638708778e-02 -7.634892246642316707e-03 9.999193503967634955e-01 -6.332342831750756296e-02
2.044822178390650613e-01 -9.788230221726172964e-01 -9.618412160091367041e-03 5.425727973981842034e+00 9.788171455260643583e-01 2.045636256112519646e-01 -8.409441181624597444e-03 5.582684839967847701e+00 1.019893189627229732e-02 -7.695085551428049869e-03 9.999183803923855640e-01 -6.320476098045352265e-02
2.003309397528124647e-01 -9.796809238732193670e-01 -9.633378258459779353e-03 5.432036145902742419e+00 9.796745157822870365e-01 2.004132761062279444e-01 -8.506579048624268030e-03 5.630920826643232679e+00 1.026439011810522522e-02 -7.733444205811710465e-03 9.999174146579401512e-01 -6.270734735102100055e-02
1.969837662128686162e-01 -9.803596724874872326e-01 -9.607726516770725630e-03 5.436043918794625007e+00 9.803530456884068656e-01 1.970660887697127661e-01 -8.535951409915809585e-03 5.669435211502538152e+00 1.026165961522323110e-02 -7.737520095922185460e-03 9.999174111518943642e-01 -6.183350757332566061e-02
1.946675116308493880e-01 -9.808221101074545700e-01 -9.620199572435907120e-03 5.430495206638185302e+00 9.808151125740138809e-01 1.947504778154445226e-01 -8.600368427032805546e-03 5.696864322570804440e+00 1.030896997171567436e-02 -7.761424805824204513e-03 9.999167392453762737e-01 -6.389244812570060716e-02
1.913423035427267438e-01 -9.814759385967831706e-01 -9.649084439820173817e-03 5.447256199786894015e+00 9.814693184104420487e-01 1.914256884759886201e-01 -8.612944353499315739e-03 5.728386465321404053e+00 1.030048027548813132e-02 -7.822259715551222251e-03 9.999163526810813662e-01 -6.422114147696895980e-02
1.885478273538834237e-01 -9.820168955443733250e-01 -9.619442058758333886e-03 5.435388178022010131e+00 9.820106456086574731e-01 1.886306475131732663e-01 -8.577338166874712289e-03 5.763993971009869988e+00 1.023761258292760906e-02 -7.829156030672572431e-03 9.999169443531044088e-01 -6.572258905640526727e-02
1.853753136136947477e-01 -9.826197575264977724e-01 -9.716234928789847791e-03 5.462204754630947789e+00 9.826131770450151626e-01 1.854601952846710589e-01 -8.709779702938597046e-03 5.825770222571489576e+00 1.036037644713584324e-02 -7.932722328355498731e-03 9.999148636340670082e-01 -6.503975687766838654e-02
1.819991913495084823e-01 -9.832504593279803862e-01 -9.737996685188021403e-03 5.487434186306191286e+00 9.832434876510548483e-01 1.820849787744642789e-01 -8.792297566230343128e-03 5.889285848329020467e+00 1.041817354027253263e-02 -7.974630776320506056e-03 9.999139297579897612e-01 -6.492903357451666746e-02
1.791784053433563839e-01 -9.837684276091382962e-01 -9.735496805803716888e-03 5.501887164556284127e+00 9.837609402565670180e-01 1.792647550540525936e-01 -8.863409102929193858e-03 5.932551908312634126e+00 1.046477348666709044e-02 -7.989269982573625126e-03 9.999133262843427072e-01 -6.673436506861744888e-02
1.763591594813176400e-01 -9.842769616712756520e-01 -9.813744963346563224e-03 5.518069662233454409e+00 9.842694722178340072e-01 1.764470260785058198e-01 -8.947236896273084300e-03 5.974283768510368020e+00 1.053816526109222114e-02 -8.081442396846591492e-03 9.999118147925427635e-01 -6.648365189935868946e-02
1.730031582521177613e-01 -9.848728115174255615e-01 -9.769972802133227927e-03 5.495175524058599770e+00 9.848642479065715660e-01 1.730913692070964460e-01 -9.043843288998654195e-03 6.009915743908088359e+00 1.059813333639643938e-02 -8.057483464106611482e-03 9.999113743377507912e-01 -6.728089995779228116e-02
1.701494902180655799e-01 -9.853696695262880167e-01 -9.785977528420811838e-03 5.498727252159973489e+00 9.853614220744429941e-01 1.702379477159076115e-01 -9.050361589890629221e-03 6.048138959127385306e+00 1.058389653975628716e-02 -8.102810322984217717e-03 9.999111588530780192e-01 -6.674596813032911136e-02
1.669966099905243473e-01 -9.859093140607598782e-01 -9.744572844128482347e-03 5.500697811825214778e+00 9.859001473407701388e-01 1.670853179486455620e-01 -9.132141011146517606e-03 6.093477958735905808e+00 1.063163793214054118e-02 -8.082139211982232452e-03 9.999108196737537257e-01 -6.709012476590874019e-02
1.639739644848757782e-01 -9.864165503067839902e-01 -9.743113053668121457e-03 5.503448249229708544e+00 9.864069260000621897e-01 1.640632315202863456e-01 -9.199587068390555761e-03 6.144340228149001604e+00 1.067311155290098963e-02 -8.102181433712052350e-03 9.999102156422817744e-01 -6.718649423702147128e-02
1.612537241751399453e-01 -9.868649379317283588e-01 -9.738106625732595792e-03 5.494816603328226634e+00 9.868553650659844800e-01 1.613430815098837456e-01 -9.214037626242592080e-03 6.173175668317282039e+00 1.066418680119001795e-02 -8.124304887267336586e-03 9.999101313567975158e-01 -6.937940474176491901e-02
1.588950753580420372e-01 -9.872476584832839963e-01 -9.716781680960346126e-03 5.495319188214677908e+00 9.872378258012340924e-01 1.589844569863083645e-01 -9.242172040218625192e-03 6.215049047758155254e+00 1.066912996520750188e-02 -8.124238797694022587e-03 9.999100791619932593e-01 -6.923320676641239735e-02
1.566822871054504018e-01 -9.876006547882322240e-01 -9.777912316035241094e-03 5.506805015284996330e+00 9.875903785149827696e-01 1.567732175132611205e-01 -9.348932301202247941e-03 6.266256104627426105e+00 1.076592643658558397e-02 -8.191760030333169323e-03 9.999084907608133399e-01 -7.103275137835499131e-02
1.542596980764150416e-01 -9.879817931922754148e-01 -9.793971102135756723e-03 5.514753554411385927e+00 9.879717763035735789e-01 1.543508993298052800e-01 -9.357836482966331443e-03 6.286330468832812990e+00 1.075708031646594939e-02 -8.232629996332081063e-03 9.999082503042009407e-01 -7.107873912280855688e-02
1.518971567498766939e-01 -9.883475788728268707e-01 -9.814127955376440032e-03 5.521852856832800249e+00 9.883369243937543125e-01 1.519893820298509057e-01 -9.452599117614970611e-03 6.352858860303203237e+00 1.083409669504972403e-02 -8.263842109161407753e-03 9.999071613216884424e-01 -7.086945298984291541e-02
1.495383910147622952e-01 -9.887072051278591456e-01 -9.814893834065144956e-03 5.533478275120010004e+00 9.886955513140289753e-01 1.496315836551718181e-01 -9.565353349138598638e-03 6.403924225835430306e+00 1.092595188368577705e-02 -8.273554321041844822e-03 9.999060815268262514e-01 -6.930887568624048700e-02
1.470058775803999573e-01 -9.890867254125693675e-01 -9.834712474540390284e-03 5.540275146394190386e+00 9.890747945986989587e-01 1.470998332458116620e-01 -9.627551536908141028e-03 6.441730340965386326e+00 1.096916798840661712e-02 -8.311959558059592301e-03 9.999052898559679381e-01 -7.034392963078658911e-02
1.442061444224661537e-01 -9.894988517607640199e-01 -9.829052596076772591e-03 5.548554476109975653e+00 9.894861102433748501e-01 1.443008517806171342e-01 -9.721204185911281812e-03 6.487846878214732271e+00 1.103746104150151244e-02 -8.323853645875746096e-03 9.999044393912046580e-01 -7.277420617147134507e-02
1.417728674674764155e-01 -9.898497777138030029e-01 -9.893008136249652196e-03 5.560650167714470626e+00 9.898368101840145927e-01 1.418690665010011731e-01 -9.811074093559545017e-03 6.540901273683033423e+00 1.111500133982011584e-02 -8.401519509530053220e-03 9.999029308963679474e-01 -7.313657223249794836e-02
1.401744709958065993e-01 -9.900773830970377443e-01 -9.894097268958101585e-03 5.555410391035747963e+00 9.900644274803347411e-01 1.402708185939208763e-01 -9.824809872386704862e-03 6.570463726008696881e+00 1.111517517104320014e-02 -8.418606221529557204e-03 9.999027852497480717e-01 -7.332790353967642838e-02
1.383965042189442274e-01 -9.903275380218387047e-01 -9.888127000561058172e-03 5.549609932286991842e+00 9.903140048439770249e-01 1.384933388796415477e-01 -9.887714389694959166e-03 6.608596898092503835e+00 1.116151557178335363e-02 -8.423925544082350864e-03 9.999022242442351383e-01 -7.467498285054209595e-02
1.358843487979508602e-01 -9.906755409387217881e-01 -9.869971505923544330e-03 5.556313489987550369e+00 9.906614551338479568e-01 1.359815021688773884e-01 -9.945470324845762794e-03 6.651169186886854767e+00 1.119486774569608198e-02 -8.426366575606823728e-03 9.999018308226512719e-01 -7.578546731028913686e-02
1.331999714727180040e-01 -9.910403169259578426e-01 -9.841637412768949530e-03 5.551646660741027972e+00 9.910257761837040213e-01 1.332972068052195036e-01 -9.988272994548861097e-03 6.688473183766523000e+00 1.121064401157253511e-02 -8.422878677972299791e-03 9.999016834547393984e-01 -7.287400409142021085e-02
1.310577638380503451e-01 -9.913255465838136660e-01 -9.875384958218371909e-03 5.561213243673009288e+00 9.913107919729861051e-01 1.311559439442425701e-01 -1.005147183182399095e-02 6.754076811126480173e+00 1.125949624366262732e-02 -8.472252262409562390e-03 9.999007174144546317e-01 -7.354328253032668683e-02
1.293663875741905001e-01 -9.915471318669111245e-01 -9.930913981437436075e-03 5.580758108045471566e+00 9.915323894582637188e-01 1.294656932731209631e-01 -1.010717173575814871e-02 6.790302791266013216e+00 1.130744980931982883e-02 -8.539294573472149333e-03 9.998996059740183906e-01 -7.366640546256732203e-02
1.274051179925216326e-01 -9.918010109503021532e-01 -9.934313628552500150e-03 5.596260222721210376e+00 9.917853899853348310e-01 1.275053244074639824e-01 -1.020453131628098163e-02 6.835197932618672922e+00 1.138754235773557257e-02 -8.552597599921404545e-03 9.998985833340022777e-01 -7.354802686324088401e-02
1.256125639284882967e-01 -9.920296026075249296e-01 -9.937370561074080483e-03 5.595591042099449020e+00 9.920135583192090101e-01 1.257133074250716964e-01 -1.025984634929837103e-02 6.873753649440716096e+00 1.142733101704989165e-02 -8.569240725179939205e-03 9.998979869062747383e-01 -7.557444044114883241e-02
1.239756964747928958e-01 -9.922356075246883123e-01 -9.926018522211806777e-03 5.607395138604745810e+00 9.922188375793337123e-01 1.240769317451254627e-01 -1.032924786380381467e-02 6.913797532607170560e+00 1.148063745209579323e-02 -8.568206861924084275e-03 9.998973851325269058e-01 -7.492817188632214243e-02
1.223376957835246026e-01 -9.924383906607149308e-01 -9.976418853885921090e-03 5.596023869502273484e+00 9.924218956593046093e-01 1.224397819631783957e-01 -1.035764494476506224e-02 6.938310095768385644e+00 1.150083502926086201e-02 -8.633686094578261680e-03 9.998965897821884274e-01 -7.503367447920025746e-02
1.209251842206356953e-01 -9.926120263068580751e-01 -9.922955819663603280e-03 5.586659821236312773e+00 9.925946284541595777e-01 1.210271181558280063e-01 -1.040866152991959739e-02 6.977156966104725022e+00 1.153270935879722146e-02 -8.590803331990259223e-03 9.998965920098721316e-01 -7.765489315568879780e-02
1.191156660324863559e-01 -9.928313934082693137e-01 -9.863182479904374772e-03 5.570374937916554359e+00 9.928130143053948142e-01 1.192174279200644005e-01 -1.046534786619402781e-02 7.010339153284073532e+00 1.156618915085611682e-02 -8.545709047174653364e-03 9.998965917160672623e-01 -7.641075633849374327e-02
1.171773619057630000e-01 -9.930616037390371797e-01 -9.905404386377924045e-03 5.581199796184662887e+00 9.930427819427039005e-01 1.172803922299794355e-01 -1.055191119551586107e-02 7.043176201241735157e+00 1.164040756596184355e-02 -8.600045211161755354e-03 9.998952645822782870e-01 -7.756333939458028015e-02
1.164094511639337526e-01 -9.931516010733908439e-01 -9.936647577147267318e-03 5.583722937268674080e+00 9.931328647719414038e-01 1.165130550837084611e-01 -1.057454041260982164e-02 7.085374238996452689e+00 1.165987090790227693e-02 -8.637434828778683960e-03 9.998947155225842431e-01 -7.846164354190555967e-02
1.153506784508021576e-01 -9.932748447044998930e-01 -9.965132121134437360e-03 5.605598996402874512e+00 9.932562337573167532e-01 1.154548067256614408e-01 -1.059441863300011541e-02 7.132101298840555437e+00 1.167369192546890630e-02 -8.675856222423665443e-03 9.998942216232860059e-01 -7.608786241081197388e-02
1.141504694828793243e-01 -9.934137866499224145e-01 -9.935734029289567185e-03 5.601496626347962859e+00 9.933943441836492472e-01 1.142547974436233238e-01 -1.065449224759188775e-02 7.169555758702065518e+00 1.171952476748269571e-02 -8.653886697844963630e-03 9.998938758609561273e-01 -7.962436861923520570e-02
1.131353348178495422e-01 -9.935305848461023492e-01 -9.867775383297559127e-03 5.599274183930850413e+00 9.935087674089929655e-01 1.132402683049228420e-01 -1.081530007409525589e-02 7.212154566755387464e+00 1.186276093987928201e-02 -8.580128763090480795e-03 9.998928224031273793e-01 -7.637117900310344543e-02
1.121142554013808690e-01 -9.936460876146265830e-01 -9.891729067269367306e-03 5.593386674165017780e+00 9.936244234794481267e-01 1.122196119162331973e-01 -1.082883957331648439e-02 7.252125252981088899e+00 1.187008007254185780e-02 -8.614596306057036024e-03 9.998924391801126133e-01 -7.722014451422312686e-02
1.107656556599454500e-01 -9.937968638300751500e-01 -9.937955913050949136e-03 5.605953247430756292e+00 9.937742413927928009e-01 1.108726812058762334e-01 -1.095471160733280450e-02 7.313978473215817289e+00 1.198860585731601272e-02 -8.662678784735387827e-03 9.998906096798141352e-01 -7.611331059451659220e-02
1.098452029864633861e-01 -9.938986563272109720e-01 -9.974584293472060770e-03 5.608082846588578363e+00 9.938764615095649901e-01 1.099526810186185477e-01 -1.095386662527972170e-02 7.347526761942827278e+00 1.198376560556645154e-02 -8.710274839684393686e-03 9.998902542149953332e-01 -7.726286383402247715e-02
1.086480401374744220e-01 -9.940296959799419518e-01 -1.002830415923548595e-02 5.635716642879858185e+00 9.940078512982022385e-01 1.087563708413112895e-01 -1.097466896806486777e-02 7.385160095130142821e+00 1.199978882385730437e-02 -8.775836794948678465e-03 9.998894887719999014e-01 -7.910295571717938790e-02
1.077649203045933923e-01 -9.941258185871902908e-01 -1.002889675357313166e-02 5.644782855998854210e+00 9.941023891534407353e-01 1.078745048614037083e-01 -1.111445366756645681e-02 7.433209356116447175e+00 1.213102762201674449e-02 -8.772002009585836563e-03 9.998879387959320741e-01 -8.137315633909937562e-02
1.067532558609549653e-01 -9.942348763016912727e-01 -1.003758479149475559e-02 5.627906894024101270e+00 9.942111721471564856e-01 1.068633044600982851e-01 -1.115254848210201107e-02 7.463044219496346443e+00 1.216090214016886210e-02 -8.788908079466929354e-03 9.998874274406633900e-01 -8.006446814302832504e-02
1.055704251293909657e-01 -9.943621309003308761e-01 -9.941728690383592679e-03 5.606789227023690536e+00 9.943372325971558956e-01 1.056796853612117504e-01 -1.119249628032527658e-02 7.495739551765421282e+00 1.218003321134454066e-02 -8.703834402654698349e-03 9.998879387499689519e-01 -7.777265405650680974e-02
1.044192788713056430e-01 -9.944824586360404561e-01 -1.006248802298217657e-02 5.639178942132389238e+00 9.944584397328671832e-01 1.045302608895261054e-01 -1.121767366431516456e-02 7.563808289498254567e+00 1.220761418410496249e-02 -8.835384744524091630e-03 9.998864486192160506e-01 -8.156481718262222069e-02
1.036921766994206573e-01 -9.945577978671403807e-01 -1.013504775521478427e-02 5.657609102676316226e+00 9.945334639055983805e-01 1.038048188638099889e-01 -1.130259937286662991e-02 7.611972967101309884e+00 1.229315513885889319e-02 -8.907653019508372100e-03 9.998847593870086037e-01 -8.275355020120353511e-02
1.028875962507171948e-01 -9.946415234493097834e-01 -1.011841727672568164e-02 5.659623809791606952e+00 9.946162352630014691e-01 1.030007016533137643e-01 -1.137541252786062641e-02 7.653379124436990644e+00 1.235666172569941518e-02 -8.893553247245130841e-03 9.998841020946552804e-01 -8.389570273185091576e-02
1.018704336104768737e-01 -9.947463241052063587e-01 -1.010769188257514863e-02 5.652088324862718061e+00 9.947199332399638827e-01 1.019842380463273912e-01 -1.146601958797615652e-02 7.694493513010640662e+00 1.243660609230905038e-02 -8.886274207431923630e-03 9.998831756558438366e-01 -8.142254926060431275e-02
1.007942546508741044e-01 -9.948559440435033041e-01 -1.010785984689022664e-02 5.648106386011202851e+00 9.948294413118002888e-01 1.009082588785988888e-01 -1.148503327556960746e-02 7.739670446665401826e+00 1.244592015987644636e-02 -8.897971195688258311e-03 9.998829557403079438e-01 -8.197202964797377367e-02
1.000568241150576743e-01 -9.949306655858106696e-01 -1.007981274549301330e-02 5.642394072336897715e+00 9.949037655131146574e-01 1.001706648840968716e-01 -1.150370655499413815e-02 7.760062883047570637e+00 1.245509196408739992e-02 -8.877419312713798541e-03 9.998830242135888779e-01 -8.198165853792399593e-02
9.943207131598230664e-02 -9.949942667748536973e-01 -9.983600502077709729e-03 5.622202657477424204e+00 9.949665897333970221e-01 9.954473026132204527e-02 -1.150356429526137869e-02 7.770328662950428011e+00 1.243979534027710686e-02 -8.789525719418465194e-03 9.998839911357315646e-01 -8.247899889585820488e-02
9.819428700959087486e-02 -9.951164114691171125e-01 -1.006029937449916256e-02 5.643457080160514394e+00 9.950871590012271284e-01 9.830962870936721387e-02 -1.169456685356411521e-02 7.859056061342735156e+00 1.262647969721649929e-02 -8.862535069200476456e-03 9.998810066615941849e-01 -8.410484960759964657e-02
9.748966176443274456e-02 -9.951852939438639023e-01 -1.009933497422728539e-02 5.661296332968258405e+00 9.951565245317821606e-01 9.760547854587209304e-02 -1.169026259993622384e-02 7.893569345752116106e+00 1.261972784495300585e-02 -8.910739346229124350e-03 9.998806634761084888e-01 -8.490506792120602886e-02
9.672910170010706743e-02 -9.952583598185034131e-01 -1.021166468666914393e-02 5.686331415837059922e+00 9.952300728316225698e-01 9.684679658482275855e-02 -1.173882970407923859e-02 7.937803147859612274e+00 1.267213541017289322e-02 -9.027469337559719531e-03 9.998789535646330773e-01 -8.520117450998442032e-02
9.565012966336339240e-02 -9.953635653206811540e-01 -1.012054976194321117e-02 5.673640749404607497e+00 9.953332882693921579e-01 9.576761570474334739e-02 -1.184099003747952732e-02 7.983238194244761665e+00 1.275531098095479716e-02 -8.940727841221440472e-03 9.998786753538893013e-01 -8.345233661788431512e-02
9.466223723848465887e-02 -9.954579954947602172e-01 -1.012126704316887796e-02 5.657643559351688722e+00 9.954273095388743720e-01 9.478013539945173704e-02 -1.188264944613903057e-02 8.011492928581720463e+00 1.278797345958603698e-02 -8.950147441013911465e-03 9.998781738769884075e-01 -8.426815431307765891e-02
9.402464931270493320e-02 -9.955186851247063151e-01 -1.009519138991224994e-02 5.667762619942400271e+00 9.954865106706379807e-01 9.414315968811026725e-02 -1.198634876587301862e-02 8.056250252196248240e+00 1.288302737795059792e-02 -8.922614612045024624e-03 9.998771997370796694e-01 -8.438303342089753523e-02
9.301727097964351820e-02 -9.956125831987222563e-01 -1.016717639599043141e-02 5.692004098712050819e+00 9.955802545319224484e-01 9.313738220202771867e-02 -1.205756288418342349e-02 8.117881901955975366e+00 1.295160552411168953e-02 -9.000678470038924253e-03 9.998756141147892018e-01 -8.332006353852600133e-02
9.246657089199228352e-02 -9.956632336536750394e-01 -1.023026968284469068e-02 5.695307379512651202e+00 9.956312832202096619e-01 9.258769795023846783e-02 -1.207750228955842275e-02 8.150120024882195224e+00 1.297232210342610936e-02 -9.068811310363810579e-03 9.998747299140338107e-01 -8.429765012097986676e-02
9.178851263271703420e-02 -9.957267897277517488e-01 -1.015032842520204558e-02 5.679059576228817185e+00 9.956929330138544199e-01 9.190950065175762518e-02 -1.217484440200347628e-02 8.199723102711052647e+00 1.305573034885347365e-02 -8.989099421548657487e-03 9.998743641061348386e-01 -8.330932271098834274e-02
9.070706879071621653e-02 -9.958261333253788372e-01 -1.012619660194387372e-02 5.669921416292299732e+00 9.957914397528366823e-01 9.082829459785435322e-02 -1.223231030583491960e-02 8.251890432722525759e+00 1.310099944161292190e-02 -8.974022881089217113e-03 9.998739074138101035e-01 -8.203757809857294137e-02
9.009478437366769121e-02 -9.958820856888712658e-01 -1.008965968930122976e-02 5.657078687955520380e+00 9.958466301242299146e-01 9.021590027320913752e-02 -1.227112904788044308e-02 8.267830433991354866e+00 1.313084532228108760e-02 -8.942188875100674436e-03 9.998738011165431150e-01 -8.354917763366692673e-02
8.934541151127262104e-02 -9.959501260346641516e-01 -1.003712575481946478e-02 5.665529270558934627e+00 9.959128135263135562e-01 8.946686326943298351e-02 -1.238338527345844188e-02 8.313935915117571795e+00 1.323122428136127779e-02 -8.889703497039899358e-03 9.998729458664991077e-01 -8.406436483618892619e-02
8.847019446194981374e-02 -9.960276827131023802e-01 -1.009356037442128359e-02 5.671433578786205132e+00 9.959902029211294971e-01 8.859295088095642257e-02 -1.244205526959856097e-02 8.359455804203882678e+00 1.328684977683167179e-02 -8.952336196308812930e-03 9.998716494128814247e-01 -8.656055427008206571e-02
8.746640952396800284e-02 -9.961160887376486750e-01 -1.011755716535803901e-02 5.686366869522139211e+00 9.960782273026084210e-01 8.759000914097814228e-02 -1.249621512204895230e-02 8.411158410153804610e+00 1.333387785599773889e-02 -8.984879336537902883e-03 9.998707314671377855e-01 -8.467710415364471110e-02
8.664133004934249094e-02 -9.961880624286224561e-01 -1.013036040761148594e-02 5.694672842349976172e+00 9.961502381436807552e-01 8.676525355814546092e-02 -1.250974904940439086e-02 8.456303047872612666e+00 1.334102595639626888e-02 -9.007499636299598489e-03 9.998704325945101390e-01 -8.524467143190006535e-02
8.593129915328467927e-02 -9.962498493724307735e-01 -1.010195284279980302e-02 5.698773024535269016e+00 9.962108293978573226e-01 8.605556182877782678e-02 -1.258664644641332118e-02 8.492802307899026459e+00 1.340877385379826703e-02 -8.982087938940260322e-03 9.998697549581119226e-01 -8.493855438826683479e-02
8.522317922286282155e-02 -9.963099946303387577e-01 -1.016879161171483671e-02 5.696061767243660867e+00 9.962713050704682383e-01 8.534860934744170624e-02 -1.261354730613301577e-02 8.530251557515217797e+00 1.343489547164670138e-02 -9.055908687286133921e-03 9.998687384359575825e-01 -8.700493314470894579e-02
8.459519598510178984e-02 -9.963639938877747460e-01 -1.012148705698255255e-02 5.703339097716205508e+00 9.963231528702610751e-01 8.472121944533528293e-02 -1.274715773644009148e-02 8.580597188595644909e+00 1.355831371906463662e-02 -9.005923589381240740e-03 9.998675239597482056e-01 -8.518161353924794121e-02
8.380767131523203517e-02 -9.964301393794543493e-01 -1.016127772278963004e-02 5.711033894270409306e+00 9.963896377371366242e-01 8.393434634894503255e-02 -1.275599126032573791e-02 8.630331970306947653e+00 1.356333435318192102e-02 -9.055541906311439376e-03 9.998670077175297877e-01 -8.660845771173451835e-02
8.293716404274431575e-02 -9.965027760472087159e-01 -1.018057713263889087e-02 5.706197389641775253e+00 9.964617933786370507e-01 8.306464886432496364e-02 -1.281243324576361239e-02 8.681692508119338569e+00 1.361327136208181736e-02 -9.081929269328280901e-03 9.998660897358051525e-01 -8.617622728749040062e-02
8.230720099851240867e-02 -9.965548923732354680e-01 -1.019171971552431007e-02 5.704184680537943919e+00 9.965137112096846828e-01 8.243511750026755180e-02 -1.284035723094866487e-02 8.720822535715967661e+00 1.363627643060098295e-02 -9.099334573825645575e-03 9.998656180084510847e-01 -8.907934985347200352e-02
8.187513174402716309e-02 -9.965909527946861246e-01 -1.014571878570282200e-02 5.705391219502486955e+00 9.965478876304512124e-01 8.200344593884800748e-02 -1.295154482835578907e-02 8.753108688219745304e+00 1.373937630260831967e-02 -9.050285185274422467e-03 9.998646517788697397e-01 -8.825754378884363704e-02
8.127314156588916205e-02 -9.966399969235245626e-01 -1.016823447254342969e-02 5.704429419914618826e+00 9.965969196381539996e-01 8.140198512036567191e-02 -1.297291741309993321e-02 8.787615283197084182e+00 1.375704284191542337e-02 -9.079281400057804402e-03 9.998641459825950983e-01 -8.813822818911444534e-02
8.082833663269195501e-02 -9.966762421259908189e-01 -1.016112094238975569e-02 5.694114222366989608e+00 9.966324284775956999e-01 8.095758193534374758e-02 -1.302583717203700288e-02 8.806773544872017467e+00 1.380516222441934004e-02 -9.074045889004412821e-03 9.998635302815888082e-01 -8.829677666087068499e-02
8.023598126931064112e-02 -9.967237991246065132e-01 -1.019095522324099841e-02 5.701991777927565508e+00 9.966777770872734532e-01 8.036733969673937050e-02 -1.320982098442481829e-02 8.888145358920079175e+00 1.398556291761232466e-02 -9.097195649218516381e-03 9.998608128440664711e-01 -8.648947856153806069e-02
7.961844806832751864e-02 -9.967730171611347556e-01 -1.022032223952649803e-02 5.704461255008562937e+00 9.967281328928926376e-01 7.974972924719314626e-02 -1.315331839681167098e-02 8.934648905781093831e+00 1.392594079549233123e-02 -9.139635905664220822e-03 9.998612579895634900e-01 -8.886722029851930327e-02
7.902685280915855426e-02 -9.968196679987274544e-01 -1.026187244057966477e-02 5.717829112081275866e+00 9.967741694036137412e-01 7.915944522021367558e-02 -1.323017166042003007e-02 8.976214208442764075e+00 1.400041945142295116e-02 -9.183230550036711182e-03 9.998598184404897671e-01 -8.862399956012430302e-02
7.842613353977578861e-02 -9.968678108241016966e-01 -1.019359214235573095e-02 5.708573978974463614e+00 9.968204865593678354e-01 7.855862983276173939e-02 -1.332138334950888278e-02 9.022299050164027889e+00 1.408045288855102987e-02 -9.116436889627654860e-03 9.998593058150184731e-01 -9.012247921548649510e-02
7.786210784853109246e-02 -9.969123782882278739e-01 -1.015884723249413542e-02 5.700239534367343985e+00 9.968629274058022904e-01 7.799535311528660309e-02 -1.345469644236405200e-02 9.071937581287246033e+00 1.420549630664593756e-02 -9.079367165787837965e-03 9.998578743834298788e-01 -8.750159939778440199e-02
7.748802641453511608e-02 -9.969414635852100748e-01 -1.016483875719963875e-02 5.698281601088443615e+00 9.968918239382174029e-01 7.762156285360288788e-02 -1.347532356934513960e-02 9.089502189791369702e+00 1.422311947199593127e-02 -9.089068420016803082e-03 9.998575357058332447e-01 -9.043715813716476926e-02
7.696564814522388609e-02 -9.969817297560749081e-01 -1.018427897156620049e-02 5.707607624347683206e+00 9.969312142068763594e-01 7.710020465432843029e-02 -1.355406146747192495e-02 9.128789457059928836e+00 1.429836164002485158e-02 -9.109828475100865269e-03 9.998562736111452631e-01 -9.118555152819057819e-02
7.653967311940756968e-02 -9.970144874666967416e-01 -1.018774853902943388e-02 5.700025906716162716e+00 9.969640320515037457e-01 7.667431929491175246e-02 -1.355608926903994343e-02 9.159529731665053021e+00 1.429675607900245983e-02 -9.119240219567774364e-03 9.998562107740469607e-01 -9.267184901468870917e-02
7.569924115987392010e-02 -9.970781166834778997e-01 -1.023983001558334202e-02 5.709308006472799235e+00 9.970273101561910600e-01 7.583527756016206212e-02 -1.362180164602706627e-02 9.216108581284297330e+00 1.435854068245720830e-02 -9.178230129059114853e-03 9.998547856569813819e-01 -9.369374391130867730e-02
7.512766835373307917e-02 -9.971213433774011037e-01 -1.024011860178810143e-02 5.720907620569469110e+00 9.970691580455801617e-01 7.526466844537382794e-02 -1.372311036486401764e-02 9.273593288868497098e+00 1.445432537373443280e-02 -9.179121148298559352e-03 9.998533973603005442e-01 -9.104842299962240260e-02
7.460819498423110208e-02 -9.971603332443729206e-01 -1.024143765133880314e-02 5.734986653563357351e+00 9.971076622002074119e-01 7.474560269493601972e-02 -1.376244380217318646e-02 9.312468068845284108e+00 1.448886547774389834e-02 -9.185024863443554469e-03 9.998528432201539973e-01 -8.908684293159502277e-02
7.412873545535025865e-02 -9.971962705350626566e-01 -1.022392345201570719e-02 5.733151590734068215e+00 9.971423771372734945e-01 7.426662694406604981e-02 -1.384008090216258535e-02 9.351670724898562881e+00 1.456057336845561524e-02 -9.168759638735406864e-03 9.998519508156539226e-01 -9.152072481289001693e-02
7.373384962592766101e-02 -9.972256404863967250e-01 -1.021476264224625147e-02 5.720879479133829548e+00 9.971713941553858040e-01 7.387183262883600943e-02 -1.386228777156950712e-02 9.379758358456850686e+00 1.457841203786144554e-02 -9.163749262914803323e-03 9.998517368099636426e-01 -9.683597279561607929e-02
7.321165051142142222e-02 -9.972635017698108229e-01 -1.027434996523237873e-02 5.747274250464442069e+00 9.972089097201939367e-01 7.335114077998461379e-02 -1.392840697772848232e-02 9.437254587572100561e+00 1.464392720740716539e-02 -9.225951663078789389e-03 9.998502073870139117e-01 -9.451966611069319291e-02
7.260376482691965894e-02 -9.973079882554337638e-01 -1.026985369208462291e-02 5.764931189369054465e+00 9.972519138923457982e-01 7.274418089887668692e-02 -1.403226223404271424e-02 9.495818242714335611e+00 1.474155931408783864e-02 -9.222836182595660695e-03 9.998488014303653637e-01 -9.202994828978011688e-02
7.201482681156701204e-02 -9.973502162249373582e-01 -1.031556665292596153e-02 5.776277824023390295e+00 9.972939919063669167e-01 7.215636187868623708e-02 -1.407668810109407968e-02 9.538781605219298854e+00 1.478372168174941700e-02 -9.273922390391995188e-03 9.998477063716921798e-01 -9.277457633989719121e-02
7.147861910986941236e-02 -9.973892024235714304e-01 -1.027549994007226006e-02 5.764290803020732490e+00 9.973311008767576924e-01 7.162057795409570993e-02 -1.418337186552683093e-02 9.588374132392795346e+00 1.488227919710997937e-02 -9.234267832021695460e-03 9.998466112677012463e-01 -9.140624329624541522e-02
7.107526266905661583e-02 -9.974181913196946692e-01 -1.025956437056753726e-02 5.756883942192071224e+00 9.973595857019108557e-01 7.121726454237331527e-02 -1.421119416567667194e-02 9.623221774523321059e+00 1.490516169109043845e-02 -9.222410511944887854e-03 9.998463798500806243e-01 -9.148548016140177486e-02
7.075197305763936129e-02 -9.974413947527022151e-01 -1.023827828472212431e-02 5.746837969239095401e+00 9.973820358175388145e-01 7.089404879192573450e-02 -1.425161304379937537e-02 9.635369311387433910e+00 1.494098179214545588e-02 -9.203145096779852610e-03 9.998460227372084619e-01 -9.240913307390992426e-02
7.042550400754588047e-02 -9.974641222178237676e-01 -1.027488557160016400e-02 5.749740477909830005e+00 9.974035683354907089e-01 7.056911940891452684e-02 -1.435692367745881014e-02 9.694466800443670706e+00 1.504560590049992819e-02 -9.237113947369946301e-03 9.998441405884269662e-01 -9.468211917844826520e-02
6.991570913102174156e-02 -9.974996839778987878e-01 -1.030408077889391309e-02 5.755033855238681717e+00 9.974386528318258671e-01 7.006029976970529205e-02 -1.441139247994657410e-02 9.736285864871781826e+00 1.509726643264874303e-02 -9.270105725969320087e-03 9.998430565274186721e-01 -9.505010702058747096e-02
6.954077425514160193e-02 -9.975259362640520600e-01 -1.029986390793268675e-02 5.753474059467104773e+00 9.974638936619051321e-01 6.968595327821924812e-02 -1.447925262358664908e-02 9.783633059661889675e+00 1.516118586480721606e-02 -9.266843919714256445e-03 9.998421195603536260e-01 -9.549226959482789989e-02
6.897333628363333524e-02 -9.975652676915237604e-01 -1.030609418956404504e-02 5.761555198039651771e+00 9.975015308392553015e-01 6.911976359851312868e-02 -1.459980319828633848e-02 9.837911241915463734e+00 1.527661137974875051e-02 -9.273347595393407680e-03 9.998403023328911177e-01 -9.355763361653397781e-02
6.866080696326071209e-02 -9.975869238305881126e-01 -1.029674654335466233e-02 5.750809622716744229e+00 9.975228271158633753e-01 6.880730493807996062e-02 -1.462067611067148151e-02 9.863445184134365107e+00 1.529388668484685590e-02 -9.267372301915467736e-03 9.998400936353216695e-01 -9.599957120026937629e-02
6.807788238071899034e-02 -9.976267222778193444e-01 -1.031139795430520249e-02 5.767368950826885055e+00 9.975623817799715853e-01 6.822492430894611104e-02 -1.465108052359868906e-02 9.924313329577174159e+00 1.531980378553804943e-02 -9.288848166141828316e-03 9.998394975753452929e-01 -9.435539549359099609e-02
6.775637911079446241e-02 -9.976491050620487355e-01 -1.026334539456775878e-02 5.771229355060803812e+00 9.975834378170894690e-01 6.790326527627332798e-02 -1.471159943234217130e-02 9.971819015623896831e+00 1.537392867265686101e-02 -9.241738673753167183e-03 9.998391033478607470e-01 -9.414409693972165816e-02
6.739269201268560661e-02 -9.976737018797759982e-01 -1.026691973218078584e-02 5.780251554912189782e+00 9.976078610197341989e-01 6.753981357079963388e-02 -1.472851704865145959e-02 1.000152861541901217e+01 1.538767997178534970e-02 -9.249765420018816672e-03 9.998388175824943769e-01 -9.601544993779519144e-02
6.708017749360484228e-02 -9.976946398887199807e-01 -1.027887760136950851e-02 5.769618009698867844e+00 9.976278818309672891e-01 6.722814890166017854e-02 -1.479815490910628764e-02 1.003309777081353715e+01 1.545506974698510061e-02 -9.261832031173328900e-03 9.998376664671831948e-01 -9.607357814065987933e-02
6.672172729392766843e-02 -9.977184318666264540e-01 -1.030251525186694044e-02 5.762610945459926803e+00 9.976520347225453778e-01 6.687003479722331001e-02 -1.479243253097660589e-02 1.006331336668442056e+01 1.544761214169011569e-02 -9.291348654439460578e-03 9.998375078578026764e-01 -9.938156209478697656e-02
6.618387097195399527e-02 -9.977539624163581644e-01 -1.033081340576117758e-02 5.777931318926532001e+00 9.976866681035848616e-01 6.633339848436714536e-02 -1.487254295276346089e-02 1.013353425348750037e+01 1.552441662463922324e-02 -9.322592341783172282e-03 9.998360274367460443e-01 -9.584712211147843053e-02
6.575585177678544557e-02 -9.977814348561236946e-01 -1.041038969320455532e-02 5.801252697521093182e+00 9.977157028463198296e-01 6.590618661606706397e-02 -1.482399607400351413e-02 1.017596267433586377e+01 1.547721715888709243e-02 -9.411844781077843836e-03 9.998359230027862310e-01 -9.737838716902671998e-02
6.522896016381585227e-02 -9.978164286611168610e-01 -1.037099078786084781e-02 5.802763039015181867e+00 9.977480840034471665e-01 6.538012048486840921e-02 -1.497333339088097875e-02 1.022709767049375884e+01 1.561869467649890965e-02 -9.370941220532249399e-03 9.998341071584043727e-01 -9.657873537535596742e-02
6.488953603480240862e-02 -9.978389242405194537e-01 -1.033583009298577951e-02 5.792728083457998167e+00 9.977686572531927478e-01 6.504115089633333291e-02 -1.507830538360309044e-02 1.026567298407584872e+01 1.571797430806129089e-02 -9.334343072942494213e-03 9.998328936992659788e-01 -9.555420493864640041e-02
6.456103677397484475e-02 -9.978606247416236252e-01 -1.029786972759034330e-02 5.779707314264488360e+00 9.977888958909851835e-01 6.471276195974906553e-02 -1.515182088694209082e-02 1.030402951209382145e+01 1.578580904859127471e-02 -9.296882800047015852e-03 9.998321740186617568e-01 -9.696759933230369999e-02
6.423116182385202322e-02 -9.978821676743904190e-01 -1.027313429379040841e-02 5.776664643524330955e+00 9.978101027504137077e-01 6.438261225584474001e-02 -1.516173104638526142e-02 1.033078547342315368e+01 1.579103226415235622e-02 -9.276781584885707144e-03 9.998322782464360570e-01 -1.010708932636653207e-01
6.390702499110345602e-02 -9.979028531782971889e-01 -1.028531843944791718e-02 5.791917338452928554e+00 9.978291358836242075e-01 6.405975517487094706e-02 -1.527623476763734049e-02 1.039749001704878317e+01 1.590307324157342120e-02 -9.286731693656851902e-03 9.998304100575873266e-01 -9.754774741925240078e-02
6.342494223621197857e-02 -9.979334808055986272e-01 -1.029779537356668648e-02 5.798381338764953874e+00 9.978584988444756387e-01 6.357875510953825415e-02 -1.536743903751545612e-02 1.045690500487116381e+01 1.599040293999976631e-02 -9.301063699601902490e-03 9.998288839735889333e-01 -9.757897155468464589e-02
6.294202862176256907e-02 -9.979640343330880015e-01 -1.029986459157810827e-02 5.814786882285802427e+00 9.978892775756533773e-01 6.309583422963371824e-02 -1.535921229775460625e-02 1.049041528924575317e+01 1.597782001770345003e-02 -9.311384456363928225e-03 9.998289890711249406e-01 -9.783401817983349014e-02
6.281998404893318622e-02 -9.979715702693107149e-01 -1.031477281855673785e-02 5.812921146536472961e+00 9.978968554591026718e-01 6.297410460587571368e-02 -1.536645742919421666e-02 1.052375244756906625e+01 1.598485123255110121e-02 -9.327758749822197618e-03 9.998287240561647415e-01 -9.795920489149090304e-02
6.232350811897102716e-02 -9.980031843639124434e-01 -1.026763532834015433e-02 5.801295218236361073e+00 9.979267221547029054e-01 6.247771544584901360e-02 -1.545290530090096676e-02 1.056497941607097779e+01 1.606354709631892599e-02 -9.283268398507918406e-03 9.998278768780782810e-01 -9.576186770420395955e-02
6.205867276810939082e-02 -9.980197504854759760e-01 -1.026151914531484889e-02 5.789777470510129476e+00 9.979414908562187492e-01 6.221382779472173219e-02 -1.556343338716759811e-02 1.059409797905088801e+01 1.617102229077719069e-02 -9.274549694602621935e-03 9.998262252841908504e-01 -9.639765991343353380e-02
6.185055286114937712e-02 -9.980327627844165495e-01 -1.025248846258346516e-02 5.802881653992910671e+00 9.979533199304544411e-01 6.200622547832390641e-02 -1.563327354445710055e-02 1.065314479256173463e+01 1.623823729826390921e-02 -9.264578287029590076e-03 9.998252283467390367e-01 -9.514122033122007771e-02
6.147303656717806319e-02 -9.980561179680313977e-01 -1.024944690184052300e-02 5.811334413067160476e+00 9.979760254704155287e-01 6.162907766883574112e-02 -1.567511951984364507e-02 1.070622502777867879e+01 1.627631289583619800e-02 -9.265105086930632006e-03 9.998246043513057124e-01 -9.474957847386421272e-02
6.108240410539544918e-02 -9.980798961631079935e-01 -1.026941009720522789e-02 5.818249744776612609e+00 9.979988547972856727e-01 6.123948214064389717e-02 -1.574838564589945214e-02 1.075287006577337223e+01 1.634704046643865524e-02 -9.286910260424063174e-03 9.998232481622956191e-01 -9.485217210244183128e-02
6.082761008227688393e-02 -9.980958434912465815e-01 -1.023176706027611842e-02 5.811844505316789977e+00 9.980138455167812950e-01 6.098445978256161748e-02 -1.578796446144026949e-02 1.079668902050080170e+01 1.638188049294299689e-02 -9.251101044004764531e-03 9.998230098977460845e-01 -9.548444925766869096e-02
6.050617644503464287e-02 -9.981152730870314072e-01 -1.024227720788181348e-02 5.812507726738412650e+00 9.980323921426111911e-01 6.066380666903303798e-02 -1.585076637009911332e-02 1.083357835527971602e+01 1.644222752851979760e-02 -9.263055155991789871e-03 9.998219086232694730e-01 -9.630331484228848993e-02
6.025244775634197580e-02 -9.981304812369823365e-01 -1.025597216256527236e-02 5.812481436673204271e+00 9.980461286379428421e-01 6.041124620602167372e-02 -1.595012359357731585e-02 1.087507443486746439e+01 1.653988059764150906e-02 -9.274899323737565912e-03 9.998201881300208260e-01 -9.595238373888115291e-02
5.986529886762392838e-02 -9.981534861964397320e-01 -1.028416187076640689e-02 5.809533660960870094e+00 9.980690600150371461e-01 6.002481964838091155e-02 -1.597411865737816475e-02 1.088828493051541990e+01 1.656192718830511515e-02 -9.308008383827476306e-03 9.998195154865381351e-01 -9.700209922559425990e-02
5.962027878306119799e-02 -9.981685915235731787e-01 -1.024135018815590034e-02 5.816831725094793626e+00 9.980812009107942195e-01 5.978056261641129243e-02 -1.613073841249148405e-02 1.096511006043470005e+01 1.671343011763147188e-02 -9.259979973613252299e-03 9.998174403482824601e-01 -9.391180548367875081e-02
5.924646384944631805e-02 -9.981902233700978844e-01 -1.030215946734194983e-02 5.840120709315300473e+00 9.981032413496688793e-01 5.940791760224928275e-02 -1.614369639981426408e-02 1.101686132350774017e+01 1.672650975611072663e-02 -9.326161832107141350e-03 9.998166064718368995e-01 -9.489566611387625916e-02
5.904524856095749730e-02 -9.982019360219223092e-01 -1.032247763189343866e-02 5.860710287923073025e+00 9.981142873188588727e-01 5.920755577487479826e-02 -1.619675242545179361e-02 1.106145198980748745e+01 1.677879829847897519e-02 -9.346671132081088226e-03 9.998155388202404348e-01 -9.662006023090126405e-02
5.891178357862969506e-02 -9.982106892589561742e-01 -1.023824226830137053e-02 5.841082392780347021e+00 9.981202563089115465e-01 5.907380186607857908e-02 -1.631685873322274993e-02 1.110007308721609753e+01 1.689247469784584468e-02 -9.257741746615004083e-03 9.998144520441458738e-01 -9.456549032887637263e-02
5.866465606487070161e-02 -9.982250518675006568e-01 -1.025689782129136744e-02 5.840214802919903470e+00 9.981342162937854035e-01 5.882734973994185879e-02 -1.635326224841935835e-02 1.112730543490115487e+01 1.692762217151120435e-02 -9.278402163117933921e-03 9.998136660702923173e-01 -9.641045596112782223e-02
5.830770885439828799e-02 -9.982459486746465549e-01 -1.025851074988222769e-02 5.832194020460145900e+00 9.981540114317962731e-01 5.847110544809130950e-02 -1.642252387093854835e-02 1.115834978546739542e+01 1.699354438497382297e-02 -9.282013915790060521e-03 9.998125142579997737e-01 -9.363755165027062843e-02
5.812187001874513648e-02 -9.982564654664378700e-01 -1.028967346315557557e-02 5.822459594357947132e+00 9.981658447940597867e-01 5.828526605167161367e-02 -1.636380297628259317e-02 1.118135057639972985e+01 1.693500847607788684e-02 -9.319705775405855153e-03 9.998131568309025496e-01 -9.826616885370664800e-02
5.792392125232970201e-02 -9.982681121554667358e-01 -1.027597198877886614e-02 5.830430141032185709e+00 9.981748787310654736e-01 5.808848070549199605e-02 -1.651181030506215786e-02 1.123885188126512524e+01 1.708012930210394201e-02 -9.300788293899344902e-03 9.998108643739251900e-01 -9.657536727720099357e-02
5.756332545210929297e-02 -9.982882742500236439e-01 -1.034335814928332223e-02 5.830812543705778062e+00 9.981942536834951252e-01 5.772987733213008621e-02 -1.659798712095936213e-02 1.128532334220665412e+01 1.716669671616705140e-02 -9.369245333911259757e-03 9.998087425931662109e-01 -9.666411972875869896e-02
5.735268503218449165e-02 -9.983005534946416404e-01 -1.032833054717448296e-02 5.835093301907704699e+00 9.982044203496023282e-01 5.752008892971216536e-02 -1.671450160886658182e-02 1.133342942729188607e+01 1.728018269908752555e-02 -9.351163660778125802e-03 9.998069568792145034e-01 -9.547719036756863176e-02
5.731263062307256906e-02 -9.983027690321132352e-01 -1.033652329745926232e-02 5.840664998863221768e+00 9.982063037993521570e-01 5.748040482043581534e-02 -1.673852194534332719e-02 1.137349307635048667e+01 1.730426035111486127e-02 -9.358653989463039044e-03 9.998064703577419499e-01 -9.503502983495737411e-02
5.686866278344071546e-02 -9.983277109197359334e-01 -1.037963404865410548e-02 5.847913260578422978e+00 9.982311962246230852e-01 5.703751307463700293e-02 -1.676904845896858356e-02 1.140444507951704090e+01 1.733303427510428374e-02 -9.407641150749549569e-03 9.998055121926447963e-01 -9.529258016067732040e-02
5.645498252056480037e-02 -9.983512859385406113e-01 -1.037038154867123141e-02 5.844910083940962231e+00 9.982544944134439380e-01 5.662385335643527196e-02 -1.678402855182126174e-02 1.144092941055401091e+01 1.734356745200217945e-02 -9.404737951225579026e-03 9.998053568430740334e-01 -9.851899782661398264e-02
5.629149751107398458e-02 -9.983606569946129605e-01 -1.035692392778007030e-02 5.840193202250866022e+00 9.982618478246875204e-01 5.646118661811727613e-02 -1.689430623952830474e-02 1.148701815488402822e+01 1.745137489143969850e-02 -9.387916220291720251e-03 9.998036389928970369e-01 -9.640882010123370816e-02
5.612578683130486912e-02 -9.983697268090517829e-01 -1.038193834436680445e-02 5.843989764357571559e+00 9.982697820726816884e-01 5.629668177803981433e-02 -1.697426939054260536e-02 1.151809061026027337e+01 1.753106537343131904e-02 -9.411281103092330319e-03 9.998020251704189398e-01 -9.714176151880747623e-02
5.583452086467799447e-02 -9.983857714983672693e-01 -1.040949323558209259e-02 5.845939198274203719e+00 9.982851364760352286e-01 5.600646577056112019e-02 -1.703120908551753257e-02 1.155486539970284987e+01 1.758671574898193826e-02 -9.440712976293414577e-03 9.998007703376027289e-01 -9.806273335691380322e-02
5.558022378559379639e-02 -9.983997896959296847e-01 -1.042586490737827838e-02 5.851509171204337001e+00 9.982981546109578330e-01 5.575312576572399870e-02 -1.709922418437481023e-02 1.159520533452972302e+01 1.765313638704087140e-02 -9.457742990531290556e-03 9.997994388242201769e-01 -9.720594905422884346e-02
5.543031586961233437e-02 -9.984078330726671169e-01 -1.045365685952975160e-02 5.858458831361648578e+00 9.983068665004015685e-01 5.560351976735589119e-02 -1.707773075180248068e-02 1.160997798774656253e+01 1.763180026953557744e-02 -9.489333412998965725e-03 9.997995159883966698e-01 -9.877571333878423787e-02
5.532491864084154720e-02 -9.984138066030437964e-01 -1.044146358533235702e-02 5.846857101263645440e+00 9.983118088675301260e-01 5.549841944509059655e-02 -1.713060754136853936e-02 1.162653284920535057e+01 1.768291981047998701e-02 -9.476086930603195083e-03 9.997987388086962968e-01 -9.804369824332170857e-02
5.505350099531358676e-02 -9.984287665416128332e-01 -1.044558137935893555e-02 5.842937688280834152e+00 9.983259817586277451e-01 5.522757008778045318e-02 -1.717991990294325325e-02 1.165504132641775747e+01 1.772981031571549751e-02 -9.482280548112051455e-03 9.997978496585074870e-01 -9.995286672253773930e-02
5.476444233889798952e-02 -9.984443269757178330e-01 -1.047768034041800245e-02 5.860749020190175074e+00 9.983403340719069208e-01 5.493994753558917310e-02 -1.726787566495630727e-02 1.172546206741331964e+01 1.781665570479491409e-02 -9.514625310182794893e-03 9.997959985340527655e-01 -1.005284836921044173e-01
5.444486001748982673e-02 -9.984623862918888815e-01 -1.042211005427060889e-02 5.876336125949414679e+00 9.983565032797998562e-01 5.462016072215403195e-02 -1.734734566490612334e-02 1.177292880626230520e+01 1.788992947464065897e-02 -9.460507544178016828e-03 9.997952036394248676e-01 -9.826857483309280050e-02
5.410422485678567650e-02 -9.984807886550194356e-01 -1.043300242006288403e-02 5.877158687912515944e+00 9.983751516875337684e-01 5.427971250255714253e-02 -1.734270173687266214e-02 1.181574634931754098e+01 1.788265487954088587e-02 -9.477736939290758514e-03 9.997951706009430284e-01 -9.960657939188274912e-02
5.391232403830192865e-02 -9.984910537937383701e-01 -1.044398442450684104e-02 5.876921047456246328e+00 9.983830001058506820e-01 5.408937854846584958e-02 -1.748497148645336910e-02 1.186313984288031698e+01 1.802349623215371982e-02 -9.484441054219767270e-03 9.997925779687797387e-01 -9.851872539354633584e-02
5.361183119054113710e-02 -9.985073551433616412e-01 -1.043231906172920054e-02 5.865330685913024311e+00 9.983984827108591809e-01 5.378910795073832407e-02 -1.752716709904793627e-02 1.189825857692332711e+01 1.806215039941399744e-02 -9.475947998623442808e-03 9.997919609261100016e-01 -1.003337059864249647e-01
5.347508864945149654e-02 -9.985139325968329649e-01 -1.050434690690882182e-02 5.860740873333989853e+00 9.984068478847195616e-01 5.365311039987585850e-02 -1.746739366124892834e-02 1.191299331569347686e+01 1.800502682118563375e-02 -9.553541459904286992e-03 9.997922528479314952e-01 -1.038814992473873905e-01
5.328471080336916188e-02 -9.985246280033985844e-01 -1.045499236134177917e-02 5.863648150411624904e+00 9.984149124772090378e-01 5.346301915012163786e-02 -1.758886370635720856e-02 1.196202599974497183e+01 1.812186904622160172e-02 -9.501202767445822428e-03 9.997906405884401382e-01 -9.932415772204046533e-02
5.293417696129532057e-02 -9.985421862322205744e-01 -1.055818279854108845e-02 5.866138109746191986e+00 9.984336371020461343e-01 5.311433161459067076e-02 -1.758237982512114023e-02 1.199465317627507943e+01 1.811753881215092885e-02 -9.610936047671967547e-03 9.997896702285324899e-01 -1.048901208548137370e-01
5.268146697575815107e-02 -9.985555818629062719e-01 -1.055523413832341363e-02 5.880111286241687552e+00 9.984455967519166864e-01 5.286236495542628866e-02 -1.766240917962094356e-02 1.205229908893762314e+01 1.819487191466715587e-02 -9.608345422185991802e-03 9.997882907567265942e-01 -1.024202359525981376e-01
5.246770789847277072e-02 -9.985671007912942931e-01 -1.053018732738806446e-02 5.889203268917604817e+00 9.984554992466075918e-01 5.264891757077094780e-02 -1.773999726138048363e-02 1.209002496648701275e+01 1.826898059794663728e-02 -9.583146450697729857e-03 9.997871811800831399e-01 -9.904994756266857769e-02
5.226013799267847926e-02 -9.985778111023975168e-01 -1.054671280215946014e-02 5.896275290349315412e+00 9.984658101793566498e-01 5.244198556529344746e-02 -1.777256461096398538e-02 1.212718132534200066e+01 1.830037922742449100e-02 -9.601735463684360136e-03 9.997864285917357208e-01 -9.867606431237234410e-02
5.221501453806332016e-02 -9.985800888109431783e-01 -1.055454817218440949e-02 5.903088648065029531e+00 9.984687460854463348e-01 5.239670847694444245e-02 -1.774113951635399380e-02 1.214090671069264005e+01 1.826897225753191384e-02 -9.612032621211168831e-03 9.997869040358261516e-01 -1.006535660134003363e-01
5.194561685477061541e-02 -9.985942664505297328e-01 -1.054248081363103745e-02 5.895179137574265482e+00 9.984813730482186012e-01 5.212789869483291927e-02 -1.782217308313444742e-02 1.216690338996602172e+01 1.834667722835219700e-02 -9.600686943632908560e-03 9.997855901366498044e-01 -9.968083792912531271e-02
5.155515131532439899e-02 -9.986149087606286390e-01 -1.050382662915878493e-02 5.884865275045942923e+00 9.985004319609427359e-01 5.173743678925069034e-02 -1.789203756672363976e-02 1.220596486321510632e+01 1.841069652850681540e-02 -9.565648722365992923e-03 9.997847491424619593e-01 -9.847883298780422956e-02
5.129534028588600414e-02 -9.986284457727659936e-01 -1.048882064031546324e-02 5.870207722505331738e+00 9.985126454481455527e-01 5.147801521045602957e-02 -1.795858652951345946e-02 1.222314617967720451e+01 1.847389902270566223e-02 -9.552028238107584598e-03 9.997837135157969790e-01 -9.981948853500625940e-02
5.138888016174181228e-02 -9.986230110617327904e-01 -1.054821187314047143e-02 5.884530712946872910e+00 9.985067414359164450e-01 5.157317183411003203e-02 -1.801375180236623394e-02 1.227149788135560371e+01 1.853295180887375854e-02 -9.606754132789975531e-03 9.997820962451178239e-01 -9.959743798938572312e-02
5.111019031123009704e-02 -9.986370985788013410e-01 -1.056852820705578462e-02 5.884597344506856231e+00 9.985197919108974585e-01 5.129555694076581851e-02 -1.808289247755269849e-02 1.232061420716321187e+01 1.860036581812078010e-02 -9.628664510208561483e-03 9.997806335447700921e-01 -9.889589263329573443e-02
5.087839880694200456e-02 -9.986489499484580978e-01 -1.056708577063489134e-02 5.883320586188772516e+00 9.985306303526761962e-01 5.106430460347743949e-02 -1.813882694251298805e-02 1.235750999597005340e+01 1.865392136600016459e-02 -9.628684344471571260e-03 9.997796355474868335e-01 -9.867997323843705204e-02
5.062660593767709383e-02 -9.986618272315516132e-01 -1.055943188671309638e-02 5.883947905863937677e+00 9.985427547150892424e-01 5.081277310163356820e-02 -1.817770875890267063e-02 1.239850919448380218e+01 1.868993786059042553e-02 -9.623768506198015354e-03 9.997790102330146311e-01 -9.839342387282710989e-02
5.024444922722093310e-02 -9.986808868553395113e-01 -1.058213360744472177e-02 5.878861291104142239e+00 9.985613286108504516e-01 5.043148650821982493e-02 -1.821917043952746632e-02 1.244868264949206527e+01 1.872881002056790700e-02 -9.651497210476610300e-03 9.997780154998456847e-01 -1.003679173122696000e-01
4.970027911689856026e-02 -9.987082727542779814e-01 -1.056731696644306641e-02 5.883219624751152566e+00 9.985875922488722800e-01 4.988766020441615101e-02 -1.827681498316162043e-02 1.248384293260462030e+01 1.878038504137712061e-02 -9.644028800019990161e-03 9.997771200853727835e-01 -1.004562529461280468e-01
4.944841617849105031e-02 -9.987207706570128130e-01 -1.056770531862461296e-02 5.892558944666000720e+00 9.985989214051266272e-01 4.963646057970738656e-02 -1.834164522711054235e-02 1.252598896816431662e+01 1.884272554480323492e-02 -9.645933826317357185e-03 9.997759287233622949e-01 -1.000051689099363955e-01
4.917969294031743210e-02 -9.987338522951646480e-01 -1.058537112984981460e-02 5.895135912206078466e+00 9.986111786797989831e-01 4.936863869048679909e-02 -1.839704676275286110e-02 1.255993071572564368e+01 1.889633874693271570e-02 -9.665908829941588509e-03 9.997747239195700075e-01 -1.014197429759783747e-01
4.899984913883470572e-02 -9.987423690792394115e-01 -1.061578967200295376e-02 5.891918205299232270e+00 9.986191109772748487e-01 4.918985983799095685e-02 -1.844529425291107499e-02 1.259543416241233516e+01 1.894428608655149976e-02 -9.697313808863265369e-03 9.997735124164689458e-01 -1.009169318452453473e-01
4.897303001502184561e-02 -9.987435012093289766e-01 -1.063302042124117733e-02 5.882049873191148137e+00 9.986210554654054716e-01 4.916304195264942223e-02 -1.841148791166336354e-02 1.261782925750310547e+01 1.891110552842076298e-02 -9.716691725725978834e-03 9.997739524460517169e-01 -1.052498190093833774e-01
4.897979044857536657e-02 -9.987441354521844339e-01 -1.054191763780934488e-02 5.891958393298539320e+00 9.986184145971288562e-01 4.916929253311719261e-02 -1.853760230746023113e-02 1.268155991128917925e+01 1.903266022211426087e-02 -9.619385201844247307e-03 9.997725867782173426e-01 -1.012623518765038005e-01
4.857645295123980134e-02 -9.987639467608012689e-01 -1.053123304571294480e-02 5.906849462443344301e+00 9.986368255644358927e-01 4.876649545245459461e-02 -1.860966275546436371e-02 1.274003611590375051e+01 1.910023154996757719e-02 -9.612885730770810017e-03 9.997713606533569219e-01 -9.983572068141922939e-02
4.834733550332115382e-02 -9.987749711673123976e-01 -1.054002464247839888e-02 5.911459525927675429e+00 9.986474785712358138e-01 4.853782669100481506e-02 -1.863579682834740764e-02 1.278233008259882730e+01 1.912455732932810681e-02 -9.624777911657897769e-03 9.997707812079269507e-01 -1.006023099506375973e-01
4.823642425916041532e-02 -9.987804658689273252e-01 -1.052750556109412032e-02 5.907338742497497464e+00 9.986504540220676462e-01 4.842790248756401184e-02 -1.876190134750350610e-02 1.282582599456496730e+01 1.924884558119636241e-02 -9.608291174999790407e-03 9.997685545587476907e-01 -1.011905121242172301e-01
4.798739759457693044e-02 -9.987920676675738907e-01 -1.056481123505114035e-02 5.914065063521215748e+00 9.986617766411653996e-01 4.817997002165042009e-02 -1.879750953248264175e-02 1.285188533429230162e+01 1.928381570153842733e-02 -9.648629594151622579e-03 9.997674921695263173e-01 -1.010094825673790997e-01
4.777494392611547624e-02 -9.988017484241444865e-01 -1.061235495678984272e-02 5.907585277723666373e+00 9.986709658983128346e-01 4.796895943072476687e-02 -1.884889394273909363e-02 1.289487356709561183e+01 1.933537185025577254e-02 -9.697745923969396456e-03 9.997660211866606916e-01 -1.015613482907404830e-01
4.738266476633157254e-02 -9.988197490367516362e-01 -1.067670425748858468e-02 5.907808947603957250e+00 9.986887089559917108e-01 4.757846035530011175e-02 -1.889848443747402240e-02 1.292740983111873376e+01 1.938416063325294411e-02 -9.767243438123648577e-03 9.997643998823746436e-01 -1.020757700154138886e-01
4.685887159315171857e-02 -9.988446679456802757e-01 -1.065717924688745072e-02 5.918350362000195375e+00 9.987114983544512770e-01 4.705538244497864397e-02 -1.900352697694555199e-02 1.298854836442697724e+01 1.948304923833093366e-02 -9.752963623461244347e-03 9.997626170711406690e-01 -9.803962262895818403e-02
4.667041712611363913e-02 -9.988533912585579877e-01 -1.066653348341073740e-02 5.919046111044352187e+00 9.987183467999423137e-01 4.686813668074640837e-02 -1.910606001417677891e-02 1.302554553038338980e+01 1.958407338796026159e-02 -9.761174896140010354e-03 9.997605631020769490e-01 -9.983511767020245009e-02
4.666003965734966119e-02 -9.988541080888584389e-01 -1.064478525786452523e-02 5.915791061287435149e+00 9.987176809207956030e-01 4.685791696053176469e-02 -1.916584029747203308e-02 1.306824427799385013e+01 1.964267077978063686e-02 -9.736856378287851027e-03 9.997596506723531729e-01 -9.851268851224424805e-02
4.700717601850590288e-02 -9.988371518648682112e-01 -1.070838256900851285e-02 5.911484660384941137e+00 9.987022867474504295e-01 4.720575138525173742e-02 -1.911437892184249948e-02 1.306809649116786254e+01 1.959764904724980994e-02 -9.795973184571857284e-03 9.997599567202059001e-01 -1.004784341077534782e-01
4.753810395469026950e-02 -9.988127381915560266e-01 -1.064155527542021140e-02 5.925277471362537796e+00 9.986751734112594425e-01 4.773625814713911009e-02 -1.921321602702451975e-02 1.312278744910649664e+01 1.969839293913275280e-02 -9.714097199249161971e-03 9.997587757210331105e-01 -9.758365729392484700e-02
4.784378180038262318e-02 -9.987980575047186171e-01 -1.064954777625014629e-02 5.928758271323975038e+00 9.986598412133940172e-01 4.804238072092525957e-02 -1.924710893367791859e-02 1.315080465296472489e+01 1.973560464431151074e-02 -9.714421211113336008e-03 9.997580386922910733e-01 -9.655084040621197961e-02
4.818358700642144665e-02 -9.987814781366829431e-01 -1.067243525617441423e-02 5.921344069964589174e+00 9.986424674158139725e-01 4.838305803655607029e-02 -1.929512810752792226e-02 1.316403235041073749e+01 1.978798162646427244e-02 -9.728238593592425376e-03 9.997568690221722010e-01 -9.863695657686562257e-02
4.863449971665367855e-02 -9.987591070736432375e-01 -1.072060981334232478e-02 5.935091718424723162e+00 9.986179461708750704e-01 4.883610533682225530e-02 -1.942247154701367065e-02 1.323500505171343633e+01 1.992192316957797082e-02 -9.761191166549280235e-03 9.997538877765044241e-01 -9.908071936191731321e-02
4.990145412532365210e-02 -9.986964701460500082e-01 -1.073337756712476609e-02 5.929949331175306426e+00 9.985548641374634160e-01 5.010328846432199335e-02 -1.943820445599772628e-02 1.327350232250512718e+01 1.995064368862428314e-02 -9.747871710336730375e-03 9.997534450120831861e-01 -9.968185037135166016e-02
5.054314700043827102e-02 -9.986635834182442384e-01 -1.079061840322646966e-02 5.941670716468895996e+00 9.985213163019945881e-01 5.074656692415391301e-02 -1.949273803098953983e-02 1.331864205979054816e+01 2.001427445161343965e-02 -9.789438167960878845e-03 9.997517670494666664e-01 -1.000675339611946518e-01
5.136437462132914522e-02 -9.986215593751573971e-01 -1.080195217953578909e-02 5.938478427125590819e+00 9.984781342268319593e-01 5.156844193225607054e-02 -1.954766655087998919e-02 1.334969557541380425e+01 2.007776109691077754e-02 -9.781459390538128906e-03 9.997505721736430484e-01 -1.007817880963527424e-01
5.232124736961651923e-02 -9.985723329560469708e-01 -1.076024759961904421e-02 5.935502143602055192e+00 9.984272296479772546e-01 5.252485961381681001e-02 -1.960117904653634058e-02 1.340560403757292640e+01 2.013837558376887354e-02 -9.717766063583965427e-03 9.997499741693323116e-01 -9.836588974540302899e-02
5.273498054117586875e-02 -9.985505556573901487e-01 -1.076148798444489726e-02 5.953216413249413641e+00 9.984043029641855860e-01 5.293907613021486824e-02 -1.965456794432440465e-02 1.345126177876043094e+01 2.019578297369398201e-02 -9.707832651877999069e-03 9.997489126452113739e-01 -9.746775884259248346e-02
5.330300114905950348e-02 -9.985204046537798916e-01 -1.076064861218693075e-02 5.958723934194487981e+00 9.983725856279563882e-01 5.350768733653210596e-02 -1.972581208581614121e-02 1.349318216957413874e+01 2.027240328753274548e-02 -9.691691593706553212e-03 9.997475185160501487e-01 -9.682100813698669983e-02
5.405198654892395815e-02 -9.984797801446172461e-01 -1.079404430564771464e-02 5.958006729076721797e+00 9.983307830546122030e-01 5.425788344582316292e-02 -1.979216232615390106e-02 1.352780886836182361e+01 2.034773588584960421e-02 -9.706221012156061867e-03 9.997458471621589737e-01 -9.619518823602091206e-02
5.491623166737091832e-02 -9.984323259421254981e-01 -1.082118354216698650e-02 5.949214285631051702e+00 9.982841546427259072e-01 5.512219819710006963e-02 -1.975575498881290346e-02 1.355052862249514511e+01 2.032127182816173896e-02 -9.717704446896475307e-03 9.997462738773117419e-01 -9.962352980654069767e-02
5.581009710663831225e-02 -9.983821326762379877e-01 -1.087888844481185030e-02 5.978766678788636213e+00 9.982311672352627285e-01 5.601861947016040233e-02 -1.991107814214917310e-02 1.362621758817116380e+01 2.048828497149035588e-02 -9.748406305875530892e-03 9.997425662406410618e-01 -9.550671142508504463e-02
5.666591254835151581e-02 -9.983352315481546224e-01 -1.075824357203848149e-02 5.985866455148975973e+00 9.981819600076813348e-01 5.687228288780243890e-02 -1.995790956872671787e-02 1.365853081143956871e+01 2.053653014231677371e-02 -9.607751496708033523e-03 9.997429379800045757e-01 -9.347450124106343461e-02
5.776844278335702132e-02 -9.982715873305587628e-01 -1.080022902132902161e-02 5.989095944151114459e+00 9.981169817119059928e-01 5.797621229260607745e-02 -2.003121630150890911e-02 1.371904524404630443e+01 2.062275046401839534e-02 -9.622719819771481664e-03 9.997410191777513777e-01 -9.521738277680374951e-02
5.862560459679710956e-02 -9.982218479836845182e-01 -1.077871484447092201e-02 5.974535393920197279e+00 9.980656635730523751e-01 5.883335121504806864e-02 -2.008900150057144757e-02 1.374502129691037133e+01 2.068742811813905139e-02 -9.580135324994605919e-03 9.997400918863920127e-01 -9.662595401461440692e-02
5.973086614010048034e-02 -9.981561690017236588e-01 -1.079286402936167552e-02 5.969854251082489682e+00 9.979991955967778550e-01 5.993905337518223853e-02 -2.012251149016744400e-02 1.378193845673497187e+01 2.073232303284569186e-02 -9.569334579266517218e-03 9.997392653173985400e-01 -9.683789513492192802e-02
6.068419772592537065e-02 -9.980982587243104609e-01 -1.083023904910711266e-02 5.963433156895416865e+00 9.979411925214295431e-01 6.089312649788014564e-02 -2.013463220972926127e-02 1.381085596772719803e+01 2.075582846500474699e-02 -9.586087669804099418e-03 9.997386170934471350e-01 -9.716764393036844694e-02
6.162357355479286536e-02 -9.980405740061591979e-01 -1.084194723256024298e-02 5.973935987200268194e+00 9.978821994466385847e-01 6.183316115041481709e-02 -2.019346948114613544e-02 1.385034351866982227e+01 2.082429374255413343e-02 -9.574592398813735333e-03 9.997373034805295822e-01 -9.680231203304176524e-02
6.296337340472724087e-02 -9.979567478862387819e-01 -1.086015459461648486e-02 5.991470256175944975e+00 9.977970698916533987e-01 6.317367581737087789e-02 -2.025077774686175058e-02 1.389633473155088161e+01 2.089547618811200130e-02 -9.561173152066906877e-03 9.997359466593307431e-01 -9.758589662626608596e-02
6.482806211471381364e-02 -9.978366399708707979e-01 -1.092530521742986552e-02 5.979789150792166552e+00 9.976757224388476120e-01 6.504010067403187545e-02 -2.032087991292863202e-02 1.393663777044943153e+01 2.098750148480442793e-02 -9.582548510443267276e-03 9.997338143453338155e-01 -9.918042879172034310e-02
6.588939906495450138e-02 -9.977682475274052276e-01 -1.082179823088985984e-02 5.967917978407015767e+00 9.976048288474992365e-01 6.609967403220706750e-02 -2.038230980502832301e-02 1.396163815274544540e+01 2.105213887022789124e-02 -9.452900027339996777e-03 9.997336896044174415e-01 -9.664390928263760783e-02
6.705657027074285459e-02 -9.976899339870408667e-01 -1.087253440830917954e-02 5.970883354718937497e+00 9.975276809233393216e-01 6.726730294934823995e-02 -2.033803691672005434e-02 1.399719685704183547e+01 2.102242077473936988e-02 -9.481855032404853945e-03 9.997340407577979260e-01 -1.005280661492842786e-01
6.830612366424260173e-02 -9.976052288472948559e-01 -1.086650111590615336e-02 5.972544390669689562e+00 9.974402832268517427e-01 6.851758827174991850e-02 -2.045046438986441659e-02 1.404104231195922026e+01 2.114603665709831326e-02 -9.441794001129058533e-03 9.997318128676995208e-01 -1.002437031415534252e-01
6.963387297394707520e-02 -9.975126844192894193e-01 -1.093472255120144648e-02 5.987631648592063982e+00 9.973461101146314789e-01 6.984745171471939962e-02 -2.054434540630542885e-02 1.409914124932184976e+01 2.125700764128971715e-02 -9.475120663267933702e-03 9.997291441758385799e-01 -9.954151594957216798e-02
7.039435919573877598e-02 -9.974591474838944150e-01 -1.094912298426342807e-02 6.001079716961270627e+00 9.972919108081318429e-01 7.060840017101488453e-02 -2.057421838018612045e-02 1.414095373077899787e+01 2.129504238284244538e-02 -9.471162863822903816e-03 9.997283722311375298e-01 -9.848904661600275945e-02
7.163405836326031118e-02 -9.973704797884108686e-01 -1.098579669591386379e-02 6.008097905472364886e+00 9.972021889346960322e-01 7.184917721803130153e-02 -2.062741178487301208e-02 1.417293102289630014e+01 2.136249204235789526e-02 -9.477435292676257561e-03 9.997268737780401482e-01 -9.852254119128156518e-02
7.341418034794033876e-02 -9.972410678513881077e-01 -1.098229094784615445e-02 5.994288629580022842e+00 9.970719219677770528e-01 7.362911682982520301e-02 -2.064789525213445512e-02 1.418878610271106844e+01 2.139954549338026618e-02 -9.434285637132708291e-03 9.997264894495863086e-01 -1.005296629930860358e-01
7.464328365646566432e-02 -9.971494162677517759e-01 -1.101915794708360416e-02 6.005129487867900018e+00 9.969780663001358567e-01 7.485980664051927747e-02 -2.075438908246621597e-02 1.423144325726077142e+01 2.152011899183500429e-02 -9.436683030940001826e-03 9.997238786244684317e-01 -9.947944585753483449e-02
7.647768855694381251e-02 -9.970110132944005610e-01 -1.096369110565715253e-02 5.988339241251073197e+00 9.968393526602976618e-01 7.669243778203271855e-02 -2.072619055321950343e-02 1.422826177028700023e+01 2.150507244318024258e-02 -9.343947598429738072e-03 9.997250734589442356e-01 -9.572104173563786289e-02
7.861025315332714758e-02 -9.968448200692757721e-01 -1.099239738288642146e-02 5.996361303688265920e+00 9.966734510731761754e-01 7.882504313871085966e-02 -2.070373154930829629e-02 1.425923686880092767e+01 2.150488374893668939e-02 -9.328305056859505229e-03 9.997252235988201008e-01 -9.950369095977282252e-02
8.015312660928763933e-02 -9.967207368988352245e-01 -1.110175349208697079e-02 6.023288206825165858e+00 9.965489547349629662e-01 8.037048626284648556e-02 -2.075489712156735819e-02 1.428111321364715103e+01 2.157908967979741202e-02 -9.399870941516761530e-03 9.997229542802715807e-01 -9.851364245558827393e-02
8.240633035212741042e-02 -9.965377754441921976e-01 -1.102990619347717430e-02 6.010827094862997377e+00 9.963630978687212369e-01 8.262249326377013592e-02 -2.083508608869560561e-02 1.430432375039657167e+01 2.167426869218753646e-02 -9.272848516994246226e-03 9.997220815591899568e-01 -9.829608072147381914e-02
8.497376546727208879e-02 -9.963216990061610767e-01 -1.106938443588357558e-02 6.011830798244746532e+00 9.961469619784310003e-01 8.519027786602639818e-02 -2.082898697132127067e-02 1.432331753239430761e+01 2.169537562374279638e-02 -9.256816222954832724e-03 9.997217723096557540e-01 -9.881136442599770808e-02
8.778204123122268498e-02 -9.960781953277820788e-01 -1.106987036189695760e-02 6.020234843355849463e+00 9.959018417132942114e-01 8.799849838745765762e-02 -2.087548690741975951e-02 1.436061063833123264e+01 2.176774929452216650e-02 -9.192011428511615012e-03 9.997207970311255965e-01 -9.867268998271161440e-02
9.094438786138780983e-02 -9.957943593333269394e-01 -1.107755552667041496e-02 6.025141375397501164e+00 9.956183125861153282e-01 9.116006434564183358e-02 -2.083310614562273663e-02 1.438345187309833406e+01 2.175532026180728232e-02 -9.134363055377618668e-03 9.997215959715378686e-01 -9.883366423835661385e-02
9.400199256249652802e-02 -9.955099740517932005e-01 -1.111381832128946999e-02 6.027120496749085454e+00 9.953307180662520626e-01 9.421911525357762329e-02 -2.096473216028413994e-02 1.441499233809446245e+01 2.191773409820815116e-02 -9.091198173581151176e-03 9.997184418863988009e-01 -9.698691696711633781e-02
9.628062677422399851e-02 -9.952925128328610205e-01 -1.108398875912165737e-02 6.022447436954013966e+00 9.951121338349647738e-01 9.649683081642657090e-02 -2.098100895594763246e-02 1.443248421962771566e+01 2.195181091359401510e-02 -9.009747012858063814e-03 9.997184315878037131e-01 -9.933237342218738386e-02
1.002703857188342873e-01 -9.948976055217733094e-01 -1.116262849146161529e-02 6.036005334101103514e+00 9.947164475733607514e-01 1.004878470892687226e-01 -2.100908171238406036e-02 1.446853173223861333e+01 2.202359359482648771e-02 -8.997061431708617413e-03 9.997169670515569928e-01 -1.004275293599344726e-01
1.031103398350271538e-01 -9.946064090355269949e-01 -1.124050375025576962e-02 6.048762138402457467e+00 9.944237306406548127e-01 1.033296526168452356e-01 -2.108143327206840958e-02 1.449768091777800372e+01 2.212920599180631318e-02 -9.004109924717191432e-03 9.997145713885717822e-01 -9.947497878485007938e-02
1.061424448616135052e-01 -9.942878603149418737e-01 -1.119965308096408652e-02 6.038546638739616057e+00 9.941051165202827722e-01 1.063599058722720647e-01 -2.103776915540978704e-02 1.450312664875942303e+01 2.210879252682552282e-02 -8.900632178449111725e-03 9.997159496776220067e-01 -9.823558332521420411e-02
1.096136906510325471e-01 -9.939118439531837712e-01 -1.113935686841251160e-02 6.041386797164630451e+00 9.937268872748308279e-01 1.098295429961332337e-01 -2.107949222197533570e-02 1.452669148230278928e+01 2.217458745806888398e-02 -8.758877487590622374e-03 9.997157444675069948e-01 -9.712804372528277552e-02
1.136080926047614570e-01 -9.934623894023240087e-01 -1.121080450874925409e-02 6.045972323796156012e+00 9.932768645379079775e-01 1.138249143271387043e-01 -2.109405727124052943e-02 1.455553119451809430e+01 2.223222140162276622e-02 -8.738977139516655376e-03 9.997146385894848386e-01 -1.009135743461794243e-01
1.162460672703917730e-01 -9.931562303755627763e-01 -1.129397672963793238e-02 6.069775089943781232e+00 9.929692156266447522e-01 1.164648911454476687e-01 -2.116756831299021827e-02 1.458961005649411824e+01 2.233805412236308102e-02 -8.753924644471677147e-03 9.997121486414702884e-01 -1.001468682715251912e-01
1.185146017084228731e-01 -9.928881411768770704e-01 -1.128841407019417001e-02 6.063395310626320978e+00 9.927007899349660214e-01 1.187327911812027237e-01 -2.115811808303826383e-02 1.460140099804941194e+01 2.234794944483204163e-02 -8.698471627083672469e-03 9.997124115199150785e-01 -1.016490980364318786e-01
1.211846641257413593e-01 -9.925665081777396148e-01 -1.122515142795207921e-02 6.067041474705096249e+00 9.923770047903320846e-01 1.214013249781195070e-01 -2.120374157846879881e-02 1.461718471676267939e+01 2.240887199527734353e-02 -8.570013850993242477e-03 9.997121572325171623e-01 -9.782054806890957965e-02
1.252070069823193466e-01 -9.920662347617039689e-01 -1.130447912400918409e-02 6.068567693784082451e+00 9.918762996569605583e-01 1.254247667243985065e-01 -2.121400648028513164e-02 1.463822504033557337e+01 2.246356119017654113e-02 -8.556502665571561958e-03 9.997110455930700024e-01 -1.001924155899418939e-01
1.297229074000733062e-01 -9.914861177676431714e-01 -1.128031780222354258e-02 6.073027633485817312e+00 9.912939589422716802e-01 1.299396418462630542e-01 -2.125973756711931062e-02 1.466494636459382228e+01 2.254449512031499875e-02 -8.424235924523883201e-03 9.997103470450118268e-01 -9.878826493256721852e-02
1.343358959457058299e-01 -9.908706432274489995e-01 -1.136817709600298348e-02 6.092977009078514250e+00 9.906775199245774211e-01 1.345539759703362481e-01 -2.129035149223484566e-02 1.469327991521715404e+01 2.262561770545132994e-02 -8.402139048823253908e-03 9.997087003136718719e-01 -9.866479625784593810e-02
1.389334156661715669e-01 -9.902372784613133749e-01 -1.129771467431149937e-02 6.089043980116051635e+00 9.900406595669022369e-01 1.391496897227137985e-01 -2.137419599436770137e-02 1.471844378846312651e+01 2.273759916226757508e-02 -8.215606831138321658e-03 9.997077099776374709e-01 -9.998008901679020233e-02
1.443496890265558719e-01 -9.894615125963726054e-01 -1.136144218112296149e-02 6.096432596235998425e+00 9.892651020770255599e-01 1.445660241590535078e-01 -2.133594317990595429e-02 1.473707628975557427e+01 2.275357313629791656e-02 -8.159641495943139450e-03 9.997078048911035575e-01 -1.004564452046912970e-01
1.485212553778056943e-01 -9.888432335379652161e-01 -1.142349277508001616e-02 6.104534242917815767e+00 9.886455987404628720e-01 1.487384651024583615e-01 -2.137168898512096030e-02 1.476170880945935870e+01 2.283236282368914655e-02 -8.119635776712139097e-03 9.997063342415816178e-01 -1.018165507149703802e-01
1.499511709811433002e-01 -9.886270430846290092e-01 -1.145495539612554313e-02 6.115676157612563557e+00 9.884296044532571157e-01 1.501687228155008658e-01 -2.136051797918511741e-02 1.479461054669514475e+01 2.283776175026253769e-02 -8.119382347479497941e-03 9.997062129788599760e-01 -1.050020933898914155e-01
1.505208915021694072e-01 -9.885398781560048587e-01 -1.150523866346597930e-02 6.127291835354355953e+00 9.883424311311954646e-01 1.507395825108883702e-01 -2.137327981665950241e-02 1.481858823906466682e+01 2.286263429857377655e-02 -8.153990419065677842e-03 9.997053627910452711e-01 -1.043893523909024817e-01
1.508945541897954712e-01 -9.884829202860136999e-01 -1.150433912474139661e-02 6.129644239991266730e+00 9.882837807442426126e-01 1.511137195510493525e-01 -2.144323859198185578e-02 1.485097869268301807e+01 2.293473857990830853e-02 -8.133883837440817818e-03 9.997038750049888067e-01 -1.035985086689520523e-01
1.515202381704373602e-01 -9.883876344472477538e-01 -1.146741019358237315e-02 6.134017432919320889e+00 9.881863314117671493e-01 1.517390371103269908e-01 -2.151834165971291957e-02 1.487755731978192664e+01 2.300851659119465195e-02 -8.071473756677518402e-03 9.997026855398899459e-01 -1.015316498714322613e-01
1.523556291802415918e-01 -9.882584689472032613e-01 -1.153086342052823607e-02 6.140524704970070857e+00 9.880582717185132369e-01 1.525754442766403818e-01 -2.148454077729187658e-02 1.489160093747220692e+01 2.299160598388057600e-02 -8.119874254936484265e-03 9.997026826493795593e-01 -1.010637185618004918e-01
1.525942409017329027e-01 -9.882208834026705579e-01 -1.159669135871944923e-02 6.147290227974813170e+00 9.880205515448222675e-01 1.528157411913957375e-01 -2.151136837092857551e-02 1.491190055638277556e+01 2.303014044006986699e-02 -8.175258465017666218e-03 9.997013442925546389e-01 -1.020776628975245404e-01
1.523304896404725772e-01 -9.882619176647727821e-01 -1.156736873450011152e-02 6.146473527774335643e+00 9.880597610368661021e-01 1.525519491753528634e-01 -2.158266486261492534e-02 1.493506698055613491e+01 2.309395041272195928e-02 -8.141553681367139084e-03 9.997001473231801327e-01 -1.008858176059090200e-01
1.519359562183127954e-01 -9.883229626547707092e-01 -1.154065411160319285e-02 6.144149731837865502e+00 9.881201816924509718e-01 1.521570538084607849e-01 -2.160410860014901763e-02 1.495045903392109743e+01 2.310782854585872667e-02 -8.121112339199163324e-03 9.996999928950031089e-01 -1.004698244089713838e-01
1.512118842138134855e-01 -9.884337659572572932e-01 -1.156098560081481215e-02 6.139758868781790113e+00 9.882313729648102285e-01 1.514335787650428200e-01 -2.160149787625807033e-02 1.497622812338450871e+01 2.310237131972997515e-02 -8.158525477409946450e-03 9.996998143950212024e-01 -1.022829886798985316e-01
1.502666828770365948e-01 -9.885780903776270057e-01 -1.154483618144716214e-02 6.146022821872904274e+00 9.883753473639570464e-01 1.504883498770305250e-01 -2.162011273018100976e-02 1.500179396650865904e+01 2.311053310309798756e-02 -8.161848847705922144e-03 9.996995986210446272e-01 -1.026334431125896507e-01
1.490153085570451452e-01 -9.887672079794926905e-01 -1.156919357982362159e-02 6.151432294084760777e+00 9.885643935632224544e-01 1.492379908419906309e-01 -2.164397995804329122e-02 1.503039285298120120e+01 2.312742083819349301e-02 -8.211608483403541603e-03 9.996988005852004422e-01 -1.029416198870907739e-01
1.475228118151360457e-01 -9.889915879780746266e-01 -1.151776465997676746e-02 6.142646135790005069e+00 9.887860237426289167e-01 1.477455526308086853e-01 -2.175892757143140996e-02 1.505401190315576443e+01 2.322109483632972537e-02 -8.178666543122339871e-03 9.996968991490263745e-01 -1.013983227414247956e-01
1.456021767878149520e-01 -9.892759058263677074e-01 -1.154072207746654165e-02 6.175053119443473015e+00 9.890694043993674134e-01 1.458264020062675081e-01 -2.182598815602809078e-02 1.510317212417044530e+01 2.327486618072150543e-02 -8.236663725435706268e-03 9.996951725275777800e-01 -9.830947708037236776e-02
1.446024749853481728e-01 -9.894235202627404968e-01 -1.145520750567273136e-02 6.164339345415221771e+00 9.892145491602876151e-01 1.448256186445056048e-01 -2.191154750001159460e-02 1.512310783259260560e+01 2.333880797557595990e-02 -8.163193929000899657e-03 9.996942844225712443e-01 -9.680503324334789605e-02
1.424106576208815644e-01 -9.897400853790759845e-01 -1.156581124728039110e-02 6.173057155484401370e+00 9.895327369081522439e-01 1.426367678623923219e-01 -2.190239806121721186e-02 1.513707455162136739e+01 2.332739126113420741e-02 -8.325613946712186880e-03 9.996932114250652868e-01 -9.858040372094699355e-02
1.400940275804012369e-01 -9.900709125107260977e-01 -1.154346726423779133e-02 6.166088186228619428e+00 9.898638527641410167e-01 1.403201210312630121e-01 -2.190471695099454816e-02 1.515960707839337651e+01 2.330700382359860573e-02 -8.357740959761637140e-03 9.996934188734145632e-01 -9.827807908738120379e-02
1.370521499490211514e-01 -9.904962262697842856e-01 -1.157298317927184586e-02 6.174174195378768104e+00 9.902892907551534840e-01 1.372798633592887674e-01 -2.193991184372410044e-02 1.518168994766526581e+01 2.332013743541025072e-02 -8.453689216648050536e-03 9.996923058264587381e-01 -9.900550920818421141e-02
1.347628459412174573e-01 -9.908106818125357318e-01 -1.153985095231594392e-02 6.168195069985857870e+00 9.906040988908106915e-01 1.349902259988168263e-01 -2.193531731051898831e-02 1.521282361491776491e+01 2.329151378825542601e-02 -8.475357866564010856e-03 9.996927896581455641e-01 -9.925786156056289056e-02
1.313760418380598427e-01 -9.912652114786836277e-01 -1.155924491845157151e-02 6.166019225697120021e+00 9.910582273899158912e-01 1.316050728041545659e-01 -2.199306106413751252e-02 1.523910476313106166e+01 2.332221159585974937e-02 -8.566523468337375324e-03 9.996912969121739545e-01 -9.983410653860465278e-02
1.287760405375584227e-01 -9.916066063075852366e-01 -1.153558453755311464e-02 6.170610001694044833e+00 9.913974636080722380e-01 1.290060033291264840e-01 -2.210249435079134767e-02 1.528234486332293152e+01 2.340513907137577870e-02 -8.590077543267982466e-03 9.996891567046479743e-01 -9.694235948953232318e-02
1.258662333623832286e-01 -9.919803175366158632e-01 -1.152132453849796442e-02 6.190711730033474858e+00 9.917711568762620500e-01 1.260966860482672924e-01 -2.212686502797011137e-02 1.530398080931015237e+01 2.340221543972680410e-02 -8.641492209104543326e-03 9.996887820341451292e-01 -9.695330835927136459e-02
1.229782830638420643e-01 -9.923421803881097292e-01 -1.154724717161472250e-02 6.181804434627681921e+00 9.921335583417189019e-01 1.232100837948413297e-01 -2.214221451137127553e-02 1.532657291732303406e+01 2.339539071844980514e-02 -8.733399901585729014e-03 9.996881430822764925e-01 -9.777734786026064107e-02
1.196013318106764478e-01 -9.927537428010694276e-01 -1.164163148279219115e-02 6.184082338284214941e+00 9.925461559343361495e-01 1.198362719757580797e-01 -2.216745946032175688e-02 1.534874882421167896e+01 2.340191806423882678e-02 -8.903598902735867376e-03 9.996864889341526839e-01 -9.891853821568624694e-02
1.159933169854520107e-01 -9.931820783367434347e-01 -1.161506286764817791e-02 6.181584394638440116e+00 9.929742443966628196e-01 1.162287199031468710e-01 -2.220438322837154158e-02 1.537813449518355569e+01 2.340299937164089933e-02 -8.957898212347732009e-03 9.996859785352739669e-01 -9.977084852070794430e-02
1.127185329171295214e-01 -9.935596350298869783e-01 -1.156650233595991721e-02 6.171518587132503342e+00 9.933500156703225503e-01 1.129542999438383211e-01 -2.229512260489671660e-02 1.541261940843691214e+01 2.345802005242488691e-02 -8.976511765445116531e-03 9.996845220026889800e-01 -9.470156199142976128e-02
1.094779279059305832e-01 -9.939218691521991556e-01 -1.157157389567438702e-02 6.180279848128180653e+00 9.937113331537223981e-01 1.097151645433046552e-01 -2.236893003895577131e-02 1.544327003846948720e+01 2.350254588924261326e-02 -9.049900012419800910e-03 9.996828145199302407e-01 -9.721448245738012472e-02
1.055876636749685238e-01 -9.943425704717100411e-01 -1.158006163086069441e-02 6.179168932640284773e+00 9.941342868531489740e-01 1.058254355222153498e-01 -2.231584413627722002e-02 1.544829446568977005e+01 2.341505888617185366e-02 -9.155858465826944084e-03 9.996839026777968318e-01 -9.832499850201449620e-02
1.018874758974318562e-01 -9.947292402133831590e-01 -1.151872040446810450e-02 6.174469174088060619e+00 9.945199482058211249e-01 1.021251083132410642e-01 -2.237263669530577606e-02 1.548793160591449158e+01 2.343106647042781168e-02 -9.176105737993978800e-03 9.996833419676169896e-01 -9.656582546509444309e-02
9.775536447089683278e-02 -9.951436631031083113e-01 -1.153163053908053126e-02 6.181839995589959891e+00 9.949337330053333872e-01 9.799485802709495541e-02 -2.244715412523158593e-02 1.551564938674384919e+01 2.346818367992111604e-02 -9.278878487039281253e-03 9.996815226704893753e-01 -9.732348204391910729e-02
9.380484897343766004e-02 -9.955236459757589307e-01 -1.154645452952589128e-02 6.182125441823881573e+00 9.953143985100726399e-01 9.404568484559294728e-02 -2.246457835028026900e-02 1.553679975741755470e+01 2.344991316834687395e-02 -9.385066065578963335e-03 9.996809601604612627e-01 -9.933716786750977634e-02
8.959325918414562384e-02 -9.959104585867087911e-01 -1.163642498253460861e-02 6.181218940286865582e+00 9.957036686594032959e-01 8.983684752371767779e-02 -2.243980938434842268e-02 1.556430394502426218e+01 2.339342059144190744e-02 -9.575975386974886622e-03 9.996804732355333289e-01 -1.004404573682837476e-01
8.627292205450043383e-02 -9.962048957427328544e-01 -1.152339439529058082e-02 6.185179541820970073e+00 9.959959954702636287e-01 8.651530794264061797e-02 -2.251840355773498947e-02 1.559756174291895903e+01 2.342989388317922791e-02 -9.534526197005635528e-03 9.996800152462894662e-01 -9.685499769123440128e-02
8.338578375740046678e-02 -9.964504230506808780e-01 -1.154839682742001689e-02 6.202340451967997659e+00 9.962411557967175701e-01 8.362989750261284883e-02 -2.257431594807141409e-02 1.561214322139990252e+01 2.345997791953212397e-02 -9.622611174830934117e-03 9.996784657029444965e-01 -9.748470999141174709e-02
8.036646946417036474e-02 -9.966990623959809392e-01 -1.149824355442833484e-02 6.180581035989694882e+00 9.964883786827593015e-01 8.061072807617974956e-02 -2.264556621579609519e-02 1.562682408368055142e+01 2.349769639922977965e-02 -9.637921871471152868e-03 9.996774323380162031e-01 -9.586241460298469685e-02
7.644848088084910120e-02 -9.970074174420475721e-01 -1.148213118498039517e-02 6.176198900010547277e+00 9.967984114524230943e-01 7.669282592525039632e-02 -2.260834751867312614e-02 1.563923522471759320e+01 2.342128726044520950e-02 -9.716996302247911041e-03 9.996784599489606515e-01 -9.911874991877862862e-02
7.229791455057410499e-02 -9.973171418099220364e-01 -1.146866181058703825e-02 6.170361395782193448e+00 9.971068988589357751e-01 7.254370076686733615e-02 -2.269898074723119066e-02 1.567100778346387457e+01 2.347006177141068572e-02 -9.794392841567901159e-03 9.996765607281743460e-01 -9.859175400370563669e-02
6.876890049513395553e-02 -9.975665758896358204e-01 -1.147889334900071764e-02 6.182008884073083799e+00 9.973569615885021777e-01 6.901581364253062123e-02 -2.271362230491684453e-02 1.569565702937518203e+01 2.345057559296347474e-02 -9.886563360786941243e-03 9.996761107325071727e-01 -1.006166739329878573e-01
6.522468728754593492e-02 -9.978042543754317428e-01 -1.150695956935878644e-02 6.183894468408930756e+00 9.975956228135942627e-01 6.547307586424577774e-02 -2.272112849380714811e-02 1.570714433425764511e+01 2.342463471218305532e-02 -9.997313997456597212e-03 9.996756174887116986e-01 -1.005736799191615932e-01
6.115181533836844263e-02 -9.980623931185055309e-01 -1.148542221185245085e-02 6.164884438531379907e+00 9.978533438641017383e-01 6.140107280341189355e-02 -2.277306298725995798e-02 1.573923255985262948e+01 2.343415498911101055e-02 -1.006815281730202849e-02 9.996746834239595980e-01 -9.891265195688207779e-02
5.756703956522712939e-02 -9.982756207466619847e-01 -1.148133174169212178e-02 6.185411613109449647e+00 9.980657409066028274e-01 5.781768028814626703e-02 -2.284497044542531385e-02 1.575736771751377319e+01 2.346940102026939812e-02 -1.014400655386818624e-02 9.996730897382327674e-01 -9.515813822696675417e-02
5.401425384589519929e-02 -9.984748701916434932e-01 -1.141901822628956994e-02 6.175563650515073277e+00 9.982671530768596480e-01 5.426335159826900512e-02 -2.276356213655368610e-02 1.577260691199459153e+01 2.334847895031504431e-02 -1.016967399201023324e-02 9.996756605327564715e-01 -9.724779890058009302e-02
4.966215338687540726e-02 -9.987000020454054328e-01 -1.148809973345028476e-02 6.177663659138713292e+00 9.984925106188450306e-01 4.991446127591936399e-02 -2.283096129405062791e-02 1.579914550886199009e+01 2.337470340034613833e-02 -1.033694684333750363e-02 9.996733320294703962e-01 -9.923861637205194652e-02
4.498231166251398516e-02 -9.989219275712574175e-01 -1.147058214825517203e-02 6.171816098340812573e+00 9.987155105452983905e-01 4.523514776818704508e-02 -2.282784270652752842e-02 1.582328267800208188e+01 2.332210611716140081e-02 -1.042899917123858364e-02 9.996736044042305869e-01 -9.853581364144116395e-02
4.059166898624577691e-02 -9.991098764926968911e-01 -1.147915953626136090e-02 6.176721822758660885e+00 9.989041667778304490e-01 4.084583410538866755e-02 -2.284914506329259118e-02 1.585001220131326605e+01 2.329768234823740083e-02 -1.053909535885105483e-02 9.996730192749115895e-01 -9.909565796570597718e-02
3.688748807290498366e-02 -9.992537314650518088e-01 -1.145833220157287981e-02 6.173938518534306752e+00 9.990453016812155251e-01 3.714349395947180721e-02 -2.299665291236401357e-02 1.586914847943984341e+01 2.340509372680113498e-02 -1.059910419106239662e-02 9.996698757979989303e-01 -1.011004261382552616e-01
3.317621564672257328e-02 -9.993846544534550347e-01 -1.138644625466198566e-02 6.170873766115234638e+00 9.991745830368006231e-01 3.343214323672738519e-02 -2.307475702655305619e-02 1.589583325815274151e+01 2.344123137972231596e-02 -1.061151457366417764e-02 9.996688974004619421e-01 -9.928785665184514109e-02
2.818688079755726772e-02 -9.995368953143556334e-01 -1.146711193993325481e-02 6.171197558493315860e+00 9.993300622105295572e-01 2.844523673189491841e-02 -2.302814081868652732e-02 1.592880081354459421e+01 2.334366109253425622e-02 -1.081033822806292885e-02 9.996690502732350492e-01 -9.771112270358545127e-02
2.464898661202685748e-02 -9.996322893756626193e-01 -1.130103962350098579e-02 6.164461766534844678e+00 9.994223798407473325e-01 2.490521190460459611e-02 -2.312222077232226405e-02 1.594239172948383931e+01 2.339517327265162872e-02 -1.072457260493663370e-02 9.996687698482853435e-01 -9.485385363930605440e-02
2.045199743762315947e-02 -9.997267477094906596e-01 -1.132014642200926575e-02 6.169702853278089094e+00 9.995180951552133930e-01 2.070956071125928943e-02 -2.312339837567653836e-02 1.596510751399168448e+01 2.335151511369297495e-02 -1.084177150427633254e-02 9.996685264289077999e-01 -9.325473237353765210e-02
1.604067059117397775e-02 -9.998068735440187593e-01 -1.135396411480108295e-02 6.165256573204933588e+00 9.995994045593673549e-01 1.630009348870065100e-02 -2.313735846673441524e-02 1.598858610594150775e+01 2.331796070723157407e-02 -1.097827702302878530e-02 9.996678198992211550e-01 -9.692244310097876403e-02
1.134355943555809265e-02 -9.998715546905828644e-01 -1.132244584747639851e-02 6.159687678734747429e+00 9.996645847455650769e-01 1.160339796404175061e-02 -2.315338336324131857e-02 1.599907197938814640e+01 2.328178826484575067e-02 -1.105600634610645096e-02 9.996678063531233560e-01 -9.449951297337733092e-02
6.905646989150082682e-03 -9.999125320039851106e-01 -1.128008781176341110e-02 6.155244549579768076e+00 9.997041968447971660e-01 7.166395874920294951e-03 -2.324137648814138257e-02 1.602803535168030891e+01 2.332018118627829720e-02 -1.111625438462868036e-02 9.996662433221876753e-01 -9.308531472739997592e-02
2.820107454739817499e-03 -9.999332679270191981e-01 -1.120297669087950455e-02 6.157087255379269486e+00 9.997234479126473339e-01 3.080717953783618235e-03 -2.331387720947029202e-02 1.606426155637723951e+01 2.334683463754229360e-02 -1.113413084537375614e-02 9.996654222502273646e-01 -8.727854110871247073e-02
-9.144638491922485457e-04 -9.999369879099929692e-01 -1.118856404367596542e-02 6.154341775019781302e+00 9.997272446902271126e-01 -6.530535817750315886e-04 -2.334544377616817531e-02 1.608159327195344090e+01 2.333666599914005491e-02 -1.120686086780096555e-02 9.996648469809941151e-01 -8.943044800810555361e-02
-5.613711732982640257e-03 -9.999209099517452071e-01 -1.125433613558502605e-02 6.141067440744429007e+00 9.997131967018402232e-01 -5.349812875361292797e-03 -2.334317549919908211e-02 1.609118698590834384e+01 2.328112069396063438e-02 -1.138215021304767385e-02 9.996641616441798162e-01 -9.218335410055721046e-02
-1.022485912550297193e-02 -9.998849868838584065e-01 -1.120112762762352082e-02 6.132284126471176045e+00 9.996781364299693884e-01 -9.961366092016588070e-03 -2.333226798844484362e-02 1.611394457509224765e+01 2.321800593865468165e-02 -1.143609154595725402e-02 9.996650138973480759e-01 -9.119339642336145302e-02
-1.554973487040189895e-02 -9.998156396452685390e-01 -1.126465561757209605e-02 6.129802717215164343e+00 9.996108642634912167e-01 -1.528363889103045992e-02 -2.333517577916527710e-02 1.614874782219716565e+01 2.315870876919012139e-02 -1.162312793403208130e-02 9.996642321825728317e-01 -9.437932631838436004e-02
-2.062521315394483246e-02 -9.997241328848908148e-01 -1.123649010623090951e-02 6.136593621257168785e+00 9.995178530643230586e-01 -2.035745300306768257e-02 -2.344430662045794006e-02 1.618127888757738475e+01 2.320909278796778885e-02 -1.171461628825181539e-02 9.996619957651579069e-01 -9.165710410218097515e-02
-2.548385505566042042e-02 -9.996127144743744974e-01 -1.118008017299806055e-02 6.119975190177987301e+00 9.994062272325243690e-01 -2.521597204959236116e-02 -2.348079475754850237e-02 1.620089965680454469e+01 2.318978439645420081e-02 -1.177182291604621754e-02 9.996617718432966315e-01 -9.196262271408335576e-02
-3.048041130139678145e-02 -9.994732346254500133e-01 -1.114440641031021542e-02 6.124378408328484014e+00 9.992654375194511829e-01 -3.021118531635913484e-02 -2.357688827730958919e-02 1.622396333544438818e+01 2.322778306162276082e-02 -1.185485339939268586e-02 9.996599084413264613e-01 -9.088421260815474079e-02
-3.464225987275693086e-02 -9.993384011430065383e-01 -1.107582194909539908e-02 6.114332457834717793e+00 9.991286879899478057e-01 -3.437262408083618936e-02 -2.367250618932323358e-02 1.625234798083907251e+01 2.327613942204367209e-02 -1.188624056365992360e-02 9.996584109679007568e-01 -8.764272826234956182e-02
-3.874461367496850883e-02 -9.991874581114761344e-01 -1.110308353139994805e-02 6.117724772814192136e+00 9.989793435513558695e-01 -3.847357017776076304e-02 -2.366549292703833129e-02 1.626833471635301720e+01 2.321908845928768658e-02 -1.200866147847958094e-02 9.996582746021838162e-01 -8.611013277231671648e-02
-4.383974261725720467e-02 -9.989756746671654142e-01 -1.121063738308175281e-02 6.103751526872257749e+00 9.987723620956352466e-01 -4.356626601797408682e-02 -2.357433305858634698e-02 1.627999278436538333e+01 2.306177966156736439e-02 -1.223036747336010699e-02 9.996592281524279144e-01 -9.311169998558571637e-02
-4.927075962992644165e-02 -9.987226159440033557e-01 -1.120395677682492659e-02 6.103385597493828030e+00 9.985190212302871293e-01 -4.899542922159927372e-02 -2.364766704563094415e-02 1.631615928942110472e+01 2.306851722152455930e-02 -1.235250247351547467e-02 9.996575709691004619e-01 -9.379038758830859912e-02
-5.414562340798756424e-02 -9.984710345060650027e-01 -1.112855418053401886e-02 6.107643520844248997e+00 9.982661166213091519e-01 -5.387010608356579411e-02 -2.372281763105879918e-02 1.633954871849572044e+01 2.308704986721991925e-02 -1.239374531503920421e-02 9.996566326521794110e-01 -8.652335762761773075e-02
-5.801784384085495461e-02 -9.982537793163192008e-01 -1.110503834950466936e-02 6.099904436163575916e+00 9.980482965451370481e-01 -5.774135085824672053e-02 -2.378096222643728136e-02 1.635618948929015914e+01 2.309821550268660942e-02 -1.246308476063026464e-02 9.996555126436510452e-01 -8.883342560221506312e-02
-6.345883417894460088e-02 -9.979223894769504444e-01 -1.113018172642614781e-02 6.095770911745128195e+00 9.977196445960998528e-01 -6.318114529495155729e-02 -2.374139141354238147e-02 1.638274847417024915e+01 2.298884842009321985e-02 -1.261140197726929452e-02 9.996561735859413877e-01 -9.066406406420651765e-02
-6.844717638469544063e-02 -9.975931446267398695e-01 -1.108611016972940733e-02 6.086327503780359471e+00 9.973885258936243670e-01 -6.816799513236881936e-02 -2.385902041947311758e-02 1.640382238850133234e+01 2.304587730388876765e-02 -1.269024165909844737e-02 9.996538627474651495e-01 -8.784685870641431582e-02
-7.412022318471356286e-02 -9.971887955166670592e-01 -1.098629196167621482e-02 6.084403668816489308e+00 9.969841127036599415e-01 -7.384196576659785016e-02 -2.387557555789190239e-02 1.643040132194068192e+01 2.299720703790545523e-02 -1.272282153232955071e-02 9.996545694792338121e-01 -8.330035914583952539e-02
-7.971457525331904215e-02 -9.967569412889226710e-01 -1.100847330627176962e-02 6.087893868307491907e+00 9.965530115150517121e-01 -7.943404968460221482e-02 -2.392335659948110343e-02 1.646103568416266683e+01 2.297132413390093331e-02 -1.287756743550950295e-02 9.996531831212659425e-01 -8.819077988618477526e-02
-8.558708166223127911e-02 -9.962703287336514002e-01 -1.096738517083217790e-02 6.072565491199917176e+00 9.960661436862927598e-01 -8.530552025345872202e-02 -2.398344462759939566e-02 1.648391797593982488e+01 2.295841576548586505e-02 -1.297691408731698089e-02 9.996521949389745032e-01 -8.643489103058624168e-02
-9.127204909875552552e-02 -9.957651861339115174e-01 -1.100486878665515866e-02 6.070806725470678344e+00 9.955617558663988342e-01 -9.098769567820985671e-02 -2.404224389243173748e-02 1.650274399100382539e+01 2.293912181248537741e-02 -1.315041135731600391e-02 9.996503705654319338e-01 -8.675108422829914956e-02
-9.649269265457860456e-02 -9.952735359177473651e-01 -1.094298707182003901e-02 6.068323426382697505e+00 9.950698288818649040e-01 -9.620814290965307158e-02 -2.408378888157795827e-02 1.653692417930591319e+01 2.291715325440047551e-02 -1.321294591152027444e-02 9.996500498409698343e-01 -8.350089743950868393e-02
-1.003327694652527136e-01 -9.948929770379109083e-01 -1.101361031070543887e-02 6.052877078034505587e+00 9.946917278349738378e-01 -1.000460645849206021e-01 -2.406556747191106183e-02 1.654375585659449754e+01 2.284079569777831831e-02 -1.336971210286640177e-02 9.996497130746243576e-01 -9.155063068651461688e-02
-1.050676174992573042e-01 -9.944038085635154012e-01 -1.103907910130108583e-02 6.052927048743319993e+00 9.942048134204628518e-01 -1.047797000645813714e-01 -2.404170181078400109e-02 1.656969139701543625e+01 2.275048844776846046e-02 -1.350110990812943695e-02 9.996500064055602319e-01 -9.166756635237631456e-02
-1.067391406399993414e-01 -9.942266173755615055e-01 -1.096308156420654732e-02 6.055994887777378821e+00 9.940248189074541996e-01 -1.064512799552652655e-01 -2.414092773463256264e-02 1.657399071393051670e+01 2.283451885714784385e-02 -1.347435704717507045e-02 9.996484514321660741e-01 -8.647099487173720567e-02
-1.078398575912657975e-01 -9.941077224188640260e-01 -1.097275452539621735e-02 6.064907682368867903e+00 9.939060384979553353e-01 -1.075513546781774465e-01 -2.415559446981524472e-02 1.658884745141244466e+01 2.283312838830427530e-02 -1.351082284940430256e-02 9.996479910018002402e-01 -8.439728699800069789e-02
-1.091191403105056246e-01 -9.939671381081724988e-01 -1.106081276153384613e-02 6.056305686952575762e+00 9.937674871089272610e-01 -1.088286473138349031e-01 -2.413518363405616277e-02 1.657064915019774176e+01 2.278584611342867466e-02 -1.362548659279623139e-02 9.996475135426510228e-01 -8.842061638058791584e-02
-1.124970933043187848e-01 -9.935907694568596460e-01 -1.103570787058495359e-02 6.041304113394961206e+00 9.933913960100501095e-01 -1.122062734656901206e-01 -2.415132559811813961e-02 1.660141966245258516e+01 2.275825852922302647e-02 -1.367973117675396789e-02 9.996474011488495348e-01 -8.889546574233497811e-02
-1.170910147045307603e-01 -9.930606282869343104e-01 -1.096735254391843599e-02 6.038830000003849285e+00 9.928601561712897539e-01 -1.167999189028745555e-01 -2.421753975539263359e-02 1.661665762327711349e+01 2.276849935734510944e-02 -1.372470366314668816e-02 9.996465515102692656e-01 -8.947315770240225896e-02
-1.227618631896809642e-01 -9.923761010671000582e-01 -1.091782840399429730e-02 6.042287241627652072e+00 9.921769155043888011e-01 -1.224709366961318491e-01 -2.420409066602732806e-02 1.664709364641948497e+01 2.268244445370197135e-02 -1.380375657685474489e-02 9.996474193524292895e-01 -8.353230616877219128e-02
-1.286341550572989156e-01 -9.916316348154001759e-01 -1.095239636026107237e-02 6.042126106879052827e+00 9.914336009804014527e-01 -1.283406206747961242e-01 -2.425077177829249031e-02 1.667973056814565425e+01 2.264219511729106266e-02 -1.397805130000631148e-02 9.996459098511456531e-01 -8.444383008159329906e-02
-1.339167394973490577e-01 -9.909313626517631812e-01 -1.101550704777288538e-02 6.040726939382473404e+00 9.907363459319892263e-01 -1.336210804519633033e-01 -2.422601304755328880e-02 1.669411975373611057e+01 2.253441216738174407e-02 -1.415773187944714337e-02 9.996458167252540994e-01 -8.794268502327670656e-02
-1.363809639453013034e-01 -9.905951684395625234e-01 -1.102020587582164951e-02 6.037975990364552459e+00 9.904024139065156218e-01 -1.360856383866655417e-01 -2.416107516318369286e-02 1.670636771660793940e+01 2.243415256919120693e-02 -1.420954922187039199e-02 9.996473365689589885e-01 -8.793468316540133112e-02
-1.379680225284731776e-01 -9.903753903099152822e-01 -1.101866725454527657e-02 6.020350856996254940e+00 9.901818960419301874e-01 -1.376716665530637318e-01 -2.421414832924629473e-02 1.669715405169327482e+01 2.246413831847256237e-02 -1.425126299615800222e-02 9.996460693628634875e-01 -9.161838794677090725e-02
-1.411132611037486662e-01 -9.899328217369310901e-01 -1.095700637141104605e-02 6.021037025184732272e+00 9.897369211605974160e-01 -1.408161087016257529e-01 -2.432386527001311957e-02 1.672242691140750281e+01 2.253606958205200267e-02 -1.427697370207717600e-02 9.996440834565586409e-01 -8.552945717622399691e-02
-1.449735564081124917e-01 -9.893753331309962373e-01 -1.091412544888441596e-02 5.999653516095595052e+00 9.891799155905607321e-01 -1.446765665529616829e-01 -2.432664552907651614e-02 1.672819534717023160e+01 2.248916482741683889e-02 -1.432275400810200869e-02 9.996444848959997742e-01 -8.606193342485474185e-02
-1.489821979182446299e-01 -9.887792356671990524e-01 -1.095115595901852840e-02 5.995675019658993854e+00 9.885844284062238474e-01 -1.486828607221144516e-01 -2.437693254345538879e-02 1.676840643844434808e+01 2.247515553202778654e-02 -1.445787124296250663e-02 9.996428548951535875e-01 -8.631251924367809580e-02
-1.530185239895940352e-01 -9.881623058686940242e-01 -1.098128299933671601e-02 5.987686098284644487e+00 9.879684667924181207e-01 -1.527172669015426365e-01 -2.440788835522942138e-02 1.680606228605387642e+01 2.244192371175807513e-02 -1.458402037808835192e-02 9.996417690401532274e-01 -9.007180501367273440e-02
-1.578453405612565419e-01 -9.874023923940697944e-01 -1.101653110413487908e-02 5.989322824010131718e+00 9.872108806696826555e-01 -1.575425716535032716e-01 -2.439293348882558624e-02 1.682894102913544643e+01 2.235006824352959304e-02 -1.472595026706969776e-02 9.996417462462446890e-01 -9.302141705079371159e-02
-1.637480501127632770e-01 -9.864402522279530627e-01 -1.105463109835363653e-02 5.990800550371651489e+00 9.862505527696959762e-01 -1.634429124629239727e-01 -2.441846692784622672e-02 1.686638702062901629e+01 2.228055757240643073e-02 -1.490111237759415494e-02 9.996407022546516252e-01 -8.982323386547351463e-02
-1.694879169605774116e-01 -9.854714129204608097e-01 -1.095172684623451145e-02 5.961894424538429327e+00 9.852785325829162000e-01 -1.691816728119546198e-01 -2.457182972030587387e-02 1.688362538041873862e+01 2.236200428448525609e-02 -1.495512959151153176e-02 9.996380769374892949e-01 -8.996770834953723983e-02
-1.764617446645369014e-01 -9.842468887144133483e-01 -1.092312802933147545e-02 5.953443599063457548e+00 9.840549404555976043e-01 -1.761542308516887978e-01 -2.460815145394566750e-02 1.691125045603414279e+01 2.229634128905768134e-02 -1.509135544102506443e-02 9.996374963735976671e-01 -9.097117657908689037e-02
-1.837371530729745572e-01 -9.829145143423371200e-01 -1.094148416833397135e-02 5.948016724312784831e+00 9.827252891300334303e-01 -1.834279328906234241e-01 -2.460080364063787356e-02 1.692255410423828366e+01 2.217351313911579413e-02 -1.527255481707575496e-02 9.996374764805633362e-01 -9.063243694548857310e-02
-1.900732851500104292e-01 -9.817093579572953033e-01 -1.090333762471596205e-02 5.932203605377996958e+00 9.815214600745607587e-01 -1.897636348246112270e-01 -2.460459939227963022e-02 1.694947740646081158e+01 2.208550849280524128e-02 -1.537853690138763635e-02 9.996377998642242968e-01 -9.021711556321977687e-02
-1.938638294912791160e-01 -9.809673890366921167e-01 -1.094519353466768402e-02 5.912829579454845330e+00 9.807823129690886876e-01 -1.935532217888984441e-01 -2.456023009138749366e-02 1.695548404372445006e+01 2.197430731515083446e-02 -1.549619248952901693e-02 9.996384335530256182e-01 -9.426886072316305321e-02
-1.973893901418697361e-01 -9.802634202319200352e-01 -1.100252764771662492e-02 5.928181941034846858e+00 9.800782125110134579e-01 -1.970753350260452397e-01 -2.465785241234096786e-02 1.698474202071808392e+01 2.200286391898817820e-02 -1.565053607995733204e-02 9.996354008836283445e-01 -9.509116450254406772e-02
-2.001682341848616264e-01 -9.797001784268826174e-01 -1.096532779485651261e-02 5.922373724061756661e+00 9.795123219406411952e-01 -1.998523669807164005e-01 -2.479198617817570185e-02 1.702006609113563940e+01 2.209726656779403137e-02 -1.570324178440108201e-02 9.996324919727711533e-01 -9.370701127853278689e-02
-2.033260289678437971e-01 -9.790498500414226424e-01 -1.095066564349155003e-02 5.906153155878874017e+00 9.788642482713949544e-01 -2.030109302926625947e-01 -2.472540470416086794e-02 1.703675885882975294e+01 2.198429894821306296e-02 -1.574653344630762286e-02 9.996343017744938608e-01 -9.295715572976973040e-02
-2.075506641790001439e-01 -9.781628303023111037e-01 -1.096354020506419731e-02 5.899303023932490397e+00 9.779790831795263095e-01 -2.072346938711118192e-01 -2.471223420655815212e-02 1.705107551881864580e+01 2.190056305644040580e-02 -1.585115362106871012e-02 9.996344863332258246e-01 -9.596933702921804643e-02
-2.121646674013435430e-01 -9.771726299014708017e-01 -1.094555973536585035e-02 5.885624004144133892e+00 9.769899253316970400e-01 -2.118481062706587537e-01 -2.471974251283392057e-02 1.707426691832909427e+01 2.183665969974348670e-02 -1.593835753705096989e-02 9.996344977301346857e-01 -9.682550638118643527e-02
-2.152483103895497241e-01 -9.764982661615945192e-01 -1.092250236178506431e-02 5.880305709459964447e+00 9.763146847862661515e-01 -2.149305714149518653e-01 -2.478882292355630290e-02 1.709433539343119435e+01 2.185866293113989875e-02 -1.599955170126467902e-02 9.996330392700220058e-01 -9.445306265872534246e-02
-2.189172794502345365e-01 -9.756822004176211038e-01 -1.093016680280453970e-02 5.868086292706606422e+00 9.754996551848280628e-01 -2.185984769007065509e-01 -2.480178685040143605e-02 1.710976547042173479e+01 2.180934415312475380e-02 -1.609191365004297020e-02 9.996326339324312915e-01 -9.388732835376020769e-02
-2.234435048680314395e-01 -9.746559370869850580e-01 -1.089974464751719899e-02 5.864241041249416142e+00 9.744722872195118457e-01 -2.231229653307635896e-01 -2.489786704077701085e-02 1.714355317508849197e+01 2.183487058499352165e-02 -1.618476577210416906e-02 9.996305776552849576e-01 -9.469547385338286660e-02
-2.282805048145342131e-01 -9.735345965645758604e-01 -1.088119540629840960e-02 5.860699816853973232e+00 9.733517916930694014e-01 -2.279591267612344208e-01 -2.491838947739719728e-02 1.715971885760090387e+01 2.177844644397871482e-02 -1.627961357354835992e-02 9.996302683754542118e-01 -9.405431699990945971e-02
-2.317670416022610258e-01 -9.727105255999366484e-01 -1.087528454942573303e-02 5.849197031263248192e+00 9.725266044010616451e-01 -2.314435062713311453e-01 -2.501813616106269428e-02 1.718827297140844479e+01 2.181839038694054905e-02 -1.637488295920038611e-02 9.996278412734388441e-01 -9.173214878089556990e-02
-2.351428968318414192e-01 -9.719002486992345258e-01 -1.085009898091220115e-02 5.837683357580731425e+00 9.717176439317614101e-01 -2.348197306084971459e-01 -2.499028988745261720e-02 1.721032704292480986e+01 2.174025163690783413e-02 -1.641952177496149717e-02 9.996288114912682543e-01 -9.456881896749774752e-02
-2.394878488814713435e-01 -9.708386529682918598e-01 -1.085726212440041479e-02 5.829211099069386393e+00 9.706565044887188742e-01 -2.391628684158897400e-01 -2.504141898586112469e-02 1.723357284605510031e+01 2.171452352383322626e-02 -1.653578766785179094e-02 9.996274542019825127e-01 -9.245146056351541408e-02
-2.449523936322035578e-01 -9.694749353716973772e-01 -1.080159895093999421e-02 5.827085603730751906e+00 9.692943017577959619e-01 -2.446280626219647925e-01 -2.501334759065330926e-02 1.725509471455051980e+01 2.160743931429052328e-02 -1.659700767810396577e-02 9.996287600416527974e-01 -9.142410315983257041e-02
-2.498295099427942922e-01 -9.682295150097792735e-01 -1.080843308119803711e-02 5.814117308445195142e+00 9.680476176913177522e-01 -2.495017920141029411e-01 -2.515284604006883667e-02 1.730103280896294393e+01 2.165700449986807455e-02 -1.674700109508674845e-02 9.996251858123692546e-01 -9.274004310904195025e-02
-2.539332737207977697e-01 -9.671609688508625569e-01 -1.084217823592583362e-02 5.802087582531066268e+00 9.669818562948783169e-01 -2.536047040917734918e-01 -2.511461046951616455e-02 1.731267490066634807e+01 2.154024359077702511e-02 -1.686162489160234618e-02 9.996257817363780607e-01 -9.448380219011626169e-02
-2.587512220117631490e-01 -9.658836092296070319e-01 -1.080085779032166106e-02 5.793143319318474482e+00 9.657037941750865606e-01 -2.584213569199507177e-01 -2.519095479518970726e-02 1.733232297577223235e+01 2.154035801144336959e-02 -1.694861968535759517e-02 9.996243080615336840e-01 -9.446408239664445816e-02
-2.648154630621444294e-01 -9.642386900274082517e-01 -1.079440491225683307e-02 5.774284767098919247e+00 9.640599590349010484e-01 -2.644839106015615116e-01 -2.523205141343774077e-02 1.735984156791975863e+01 2.147477377778703178e-02 -1.708829093657380366e-02 9.996233412661290618e-01 -9.627136805434277633e-02
-2.712625989969117413e-01 -9.624449944327571060e-01 -1.078123725606821778e-02 5.773015883272220705e+00 9.622673284328153720e-01 -2.709293891857174064e-01 -2.527557528973432138e-02 1.738835863431634721e+01 2.140539689456021424e-02 -1.723075061583254075e-02 9.996223838115078086e-01 -9.535577024502214782e-02
-2.780002763740652139e-01 -9.605209465999310359e-01 -1.074045989315490154e-02 5.765152918227389733e+00 9.603434143728507566e-01 -2.776654797320476931e-01 -2.534576563979476505e-02 1.741733381157123972e+01 2.136288385585999663e-02 -1.736065977850226316e-02 9.996210455394665129e-01 -9.184956913666947331e-02
-2.845608157926318160e-01 -9.585978427176324868e-01 -1.073862433151274304e-02 5.761714401918128559e+00 9.584209443536899631e-01 -2.842235129608605693e-01 -2.542219707989760297e-02 1.743872929963170293e+01 2.131749374606281555e-02 -1.752628361316467542e-02 9.996191243884330335e-01 -9.262602486889558173e-02
-2.913437355226904391e-01 -9.565584362809997909e-01 -1.071381124221250196e-02 5.742900161439699502e+00 9.563827394689179417e-01 -2.910050868067006746e-01 -2.545771196618468180e-02 1.745872726758098636e+01 2.123401557909505855e-02 -1.766344904806901178e-02 9.996184867988952005e-01 -9.191544699557636922e-02
-2.977789146759004524e-01 -9.545749613503076159e-01 -1.069397669261840100e-02 5.734631851227532273e+00 9.544011774391381042e-01 -2.974394936426838498e-01 -2.545859627653496507e-02 1.749037233897955446e+01 2.112132754422736680e-02 -1.778737711534019231e-02 9.996186766653202271e-01 -9.535114503352118409e-02
-3.045025889418275789e-01 -9.524514899095752885e-01 -1.069264685450492525e-02 5.719153169907015055e+00 9.522788434219844333e-01 -3.041609235726017157e-01 -2.551738510016634404e-02 1.750619467750214397e+01 2.105178611454793652e-02 -1.795249120575392876e-02 9.996171919094302138e-01 -9.335860590586275709e-02
-3.110385587093043025e-01 -9.503373762589719664e-01 -1.067175155501629176e-02 5.706987456515011381e+00 9.501659779826401309e-01 -3.106955269727311730e-01 -2.555198237769848099e-02 1.754632668995698452e+01 2.096733841792961656e-02 -1.808758702398468796e-02 9.996165314335881957e-01 -9.160270224069283485e-02
-3.182738695216136282e-01 -9.479379959136728928e-01 -1.073777830412963458e-02 5.695806313925078079e+00 9.477699412337845519e-01 -3.179277413885122083e-01 -2.557517838272064040e-02 1.756312022490477887e+01 2.082984573748838247e-02 -1.831685449986037231e-02 9.996152311603616614e-01 -9.542266575346448898e-02
-3.253717111271983153e-01 -9.455261638125582735e-01 -1.065472402582658823e-02 5.675591919252954476e+00 9.453583966602920885e-01 -3.250253596282308699e-01 -2.561283784396698598e-02 1.757848503807720419e+01 2.075455280272538172e-02 -1.840622569802831399e-02 9.996151556441669195e-01 -9.312740945698844142e-02
-3.335725228154815536e-01 -9.426644967834783007e-01 -1.063101718870534083e-02 5.661625777755442179e+00 9.424988939754250783e-01 -3.332248460587654559e-01 -2.563272955056206115e-02 1.760544220705013174e+01 2.062054503681315376e-02 -1.857009620501644948e-02 9.996148981729520155e-01 -9.501577596506799450e-02
-3.411362217211315606e-01 -9.399541676271210289e-01 -1.059438484468184713e-02 5.646080507789133840e+00 9.397894743507919646e-01 -3.407868776725822002e-01 -2.569139750256749233e-02 1.762355771680224947e+01 2.053830882262247179e-02 -1.872075763901513701e-02 9.996137809694941589e-01 -9.492800527473810313e-02
-3.486089954078273045e-01 -9.372090799868205702e-01 -1.053132047764624400e-02 5.630446525199736207e+00 9.370429747306890933e-01 -3.482568678371846804e-01 -2.583829545645567605e-02 1.765466398403324888e+01 2.054828042943778604e-02 -1.887576209034149549e-02 9.996106610960598937e-01 -9.238672039710180139e-02
-3.550552600099863287e-01 -9.347853225249724840e-01 -1.059070966103175214e-02 5.613801335562849104e+00 9.346239109241809562e-01 -3.547018453938854954e-01 -2.578266865474968667e-02 1.766987535368060946e+01 2.034471597318587149e-02 -1.905260260581947279e-02 9.996114699551597038e-01 -9.271763460875252771e-02
-3.623558656887058138e-01 -9.319808531349192959e-01 -1.048408273987992342e-02 5.605120556037390678e+00 9.318188219966773156e-01 -3.620020853912029324e-01 -2.584904534300738049e-02 1.769089036501802426e+01 2.029555551624878315e-02 -1.913581883088266017e-02 9.996108797246848754e-01 -9.403990137438583696e-02
-3.689130350346416787e-01 -9.294043331004649966e-01 -1.052417196785473963e-02 5.594711921784671027e+00 9.292459089514500947e-01 -3.685576369118341855e-01 -2.583232414936024318e-02 1.771406270782679471e+01 2.012991004754488555e-02 -1.930942485016971105e-02 9.996108907136983524e-01 -9.528010011006649016e-02
-3.759616817772404307e-01 -9.265756903673082467e-01 -1.050256423811383316e-02 5.581203138930947105e+00 9.264184699845235960e-01 -3.756044730597327685e-01 -2.588625676020460745e-02 1.774255695486026596e+01 2.004076612217924394e-02 -1.946201011887156371e-02 9.996097227695261989e-01 -9.313937599467085604e-02
-3.831419146469128290e-01 -9.236302784402719013e-01 -1.045858446653318528e-02 5.565633426755455915e+00 9.234742560187256810e-01 -3.827836665620709677e-01 -2.592225075024603975e-02 1.775667630362569938e+01 1.993920036909960919e-02 -1.959013429364737241e-02 9.996092511211557285e-01 -9.395307639568543923e-02
-3.911520114355240274e-01 -9.202672253871300168e-01 -1.040854592230027950e-02 5.554983394103673255e+00 9.201124652819296923e-01 -3.907925465419623823e-01 -2.596607016969385701e-02 1.778389680248625027e+01 1.982814118249700414e-02 -1.973371342451959998e-02 9.996086361030129819e-01 -9.396502782658251729e-02
-3.984953057125393272e-01 -9.171115161007845629e-01 -1.039030126562017278e-02 5.530041060318652946e+00 9.169578953517587561e-01 -3.981335856946288665e-01 -2.603586169134244899e-02 1.781866183891660427e+01 1.974106068940861131e-02 -1.990263744477469010e-02 9.996070105524464955e-01 -9.362064601488268023e-02
-4.065213260279232355e-01 -9.135816505710450119e-01 -1.043931148994195826e-02 5.513927396799285674e+00 9.134329945055572608e-01 -4.061581404914558213e-01 -2.599479680885501479e-02 1.784298950012187746e+01 1.950835803212678382e-02 -2.010305082339612290e-02 9.996075686560612628e-01 -9.723717981577020830e-02
-4.132040866623063469e-01 -9.105790444597866573e-01 -1.040127666545419272e-02 5.507908368526220677e+00 9.104299046317353428e-01 -4.128380807023654953e-01 -2.611719499174138329e-02 1.786290897749456974e+01 1.948772736412938619e-02 -2.026136502532161279e-02 9.996047746832205094e-01 -9.333486310650206119e-02
-4.210431321587237985e-01 -9.069802997252685017e-01 -1.046024723578241680e-02 5.495766675715598737e+00 9.068345063386367144e-01 -4.206736299432110027e-01 -2.617012006016318851e-02 1.788590118953336372e+01 1.933543316123303990e-02 -2.050446245734179399e-02 9.996027751281020279e-01 -9.568794448068104752e-02
-4.284351805677377723e-01 -9.035126058501166124e-01 -1.040514881306209630e-02 5.479545299715870676e+00 9.033692819881964375e-01 -4.280661852058587069e-01 -2.613965270300895594e-02 1.790599484278815723e+01 1.916341337080590748e-02 -2.059883863802783321e-02 9.996041473677188538e-01 -9.636510598088968149e-02
-4.357630961697145366e-01 -9.000020432716072660e-01 -1.033663985620147940e-02 5.465175428203792762e+00 8.998577228085654633e-01 -4.353914498091155938e-01 -2.627478134828270875e-02 1.793560754826344450e+01 1.914687228682290104e-02 -2.075108527400364514e-02 9.996013153960848774e-01 -9.440227172784737553e-02
-4.423016667828263415e-01 -8.968062057177802471e-01 -1.038580508257507667e-02 5.447942068333864185e+00 8.966660561494755877e-01 -4.419285254232312443e-01 -2.625189834269100325e-02 1.795712689467808687e+01 1.895308182012209186e-02 -2.092385727651530081e-02 9.996014070049080713e-01 -9.680365696014779642e-02
-4.492648158416352455e-01 -8.933388800743825575e-01 -1.033298573643494887e-02 5.430771248529585371e+00 8.931999344826521137e-01 -4.488909283176480969e-01 -2.628329344480628479e-02 1.797543075308607641e+01 1.884150437112830367e-02 -2.103758117198643515e-02 9.996011293968534162e-01 -9.499126284408460075e-02
-4.556692529131911584e-01 -8.900902676406206027e-01 -1.023950198899746186e-02 5.407434713313663543e+00 8.899519890730660521e-01 -4.552960744870513388e-01 -2.628576994448646176e-02 1.798509354439795871e+01 1.873470294473483788e-02 -2.109028231507806966e-02 9.996020262571714277e-01 -9.625152694086427929e-02
-4.626897871876385349e-01 -8.864603863657746219e-01 -1.030263250338054118e-02 5.389911042895250581e+00 8.863261555813440884e-01 -4.623140706432933289e-01 -2.629916381984808565e-02 1.801285716020525385e+01 1.855011494985957243e-02 -2.129984717010702244e-02 9.996010252825259235e-01 -9.746716192479371044e-02
-4.696456834914228828e-01 -8.827953402841099972e-01 -1.026251190193517779e-02 5.372522309342665281e+00 8.826615659367464950e-01 -4.692677526097959184e-01 -2.638818634621756254e-02 1.803405556745266125e+01 1.847950204863723495e-02 -2.145142263847497205e-02 9.995990918717463369e-01 -9.713494986340495685e-02
-4.774202334966077821e-01 -8.786159575193678295e-01 -1.019410812032099482e-02 5.352214239160976383e+00 8.784828162957513120e-01 -4.770409411360410079e-01 -2.645528214034792783e-02 1.805989787768718458e+01 1.838102611742634118e-02 -2.158563578782652856e-02 9.995980183086128346e-01 -9.634682396831908968e-02
-4.849328706678455170e-01 -8.744912897571286425e-01 -1.025158937711038130e-02 5.346308122415292630e+00 8.743621633480587185e-01 -4.845508157439850638e-01 -2.648233877779605783e-02 1.808920880519068319e+01 1.819115859822888898e-02 -2.180575843104124584e-02 9.995967140042534282e-01 -9.775713873081703920e-02
-4.919295145949913461e-01 -8.705756912719567753e-01 -1.016456770801704539e-02 5.330878053385434079e+00 8.704471810289112765e-01 -4.915473471628781788e-01 -2.651246001333350602e-02 1.811036903809166887e+01 1.808473691149469625e-02 -2.188998089289920582e-02 9.995968042302608714e-01 -9.612800085822455209e-02
-4.984609087940572447e-01 -8.668525061684335675e-01 -1.017128082930732376e-02 5.315224064643172319e+00 8.667255716024375722e-01 -4.980758855824058973e-01 -2.659315197058078825e-02 1.813108588285772527e+01 1.798627072605138433e-02 -2.207135588966447140e-02 9.995945924796516557e-01 -9.518877851377770261e-02
-5.051459334842436366e-01 -8.629742946445038143e-01 -1.014655937515677314e-02 5.286781392093193865e+00 8.628498244432705189e-01 -5.047604231281299647e-01 -2.659127115669654429e-02 1.814095723114499492e+01 1.782600186665211223e-02 -2.218742946653935039e-02 9.995948937600258599e-01 -1.007446700884564034e-01
-5.109654790647333300e-01 -8.595420318034304730e-01 -1.008834809957192234e-02 5.267709598704798601e+00 8.594186506245177215e-01 -5.105798880676835072e-01 -2.660377528707131081e-02 1.816431299138507072e+01 1.771615542042390135e-02 -2.226372529525342744e-02 9.995951502348823237e-01 -9.621035965323421202e-02
-5.178217162843883337e-01 -8.554281083631245508e-01 -1.016963945164832926e-02 5.265869080186157625e+00 8.553087338237348458e-01 -5.174325655740357188e-01 -2.665539210573671450e-02 1.818849096798459186e+01 1.753966901425839733e-02 -2.250092233125916205e-02 9.995929514082784184e-01 -9.762994534756884446e-02
-5.213044930645873709e-01 -8.533115951586344172e-01 -1.004724233316185190e-02 5.240608832984945842e+00 8.531924156983768937e-01 -5.209187511537634041e-01 -2.657736802567947643e-02 1.817234659646851824e+01 1.744497937638074189e-02 -2.242713232295515807e-02 9.995962667148804437e-01 -9.770715539700940144e-02
-5.250322758763075193e-01 -8.510222847872409568e-01 -1.010841647587144669e-02 5.251135756023414203e+00 8.509050010463966585e-01 -5.246434315918342417e-01 -2.664486595531450480e-02 1.816593607000468324e+01 1.737206039528088955e-02 -2.259071674491671539e-02 9.995938530396101251e-01 -9.695214532308474298e-02
-5.284200695034244610e-01 -8.489230721151935777e-01 -1.009196593822910167e-02 5.222632782299905685e+00 8.488066221262088318e-01 -5.280305944078411695e-01 -2.666476334037003182e-02 1.817852046249530673e+01 1.730746603902471800e-02 -2.265632361625168761e-02 9.995934886840268652e-01 -9.807833801251857053e-02
-5.315979497621665661e-01 -8.469382949278108086e-01 -9.957127770274650999e-03 5.189142383800434466e+00 8.468188579502029523e-01 -5.312085517560292125e-01 -2.674502497991440922e-02 1.818041120875172112e+01 1.736207443179307863e-02 -2.264948401254865754e-02 9.995926966746956355e-01 -9.850466642493208025e-02
-5.341866095037894890e-01 -8.453079219125647636e-01 -9.959085234479936669e-03 5.177263849362132575e+00 8.451908149909697077e-01 -5.337982512739152252e-01 -2.668170144145248432e-02 1.816916604594353402e+01 1.723811131611241790e-02 -2.267033499469650257e-02 9.995943694466679075e-01 -9.954211428867631994e-02
-5.375256334424667326e-01 -8.431893296529295867e-01 -9.896855648024872887e-03 5.152832351616752682e+00 8.430719009907894357e-01 -5.371372959614837406e-01 -2.670758407197444673e-02 1.818197851855612868e+01 1.720357962899617468e-02 -2.269977195101776507e-02 9.995942963029154082e-01 -9.970547976909543975e-02
-5.419047699553012354e-01 -8.403814840992257507e-01 -9.908656966281400441e-03 5.120157333295621171e+00 8.402665587120839996e-01 -5.415159088839827106e-01 -2.669514442190702719e-02 1.820539816525170451e+01 1.706840970460991522e-02 -2.279213918739285416e-02 9.995945116803203190e-01 -1.002458290610926950e-01
-5.469626070587663147e-01 -8.370990256861067236e-01 -9.855337378710197355e-03 5.072427274053899815e+00 8.369840331218268981e-01 -5.465723557774344599e-01 -2.676542917694499021e-02 1.823800854661863369e+01 1.701865971802810767e-02 -2.288844894867775662e-02 9.995931593033866580e-01 -1.009150989242433849e-01
-5.533670117680291600e-01 -8.328810170635913002e-01 -9.703695277555702409e-03 5.026611747535237207e+00 8.327648703309457057e-01 -5.529775459772949819e-01 -2.680493215085402378e-02 1.827056933887202206e+01 1.695939355062963880e-02 -2.291386174450754307e-02 9.995935843683414479e-01 -9.939199084776305371e-02
-5.629087918642108335e-01 -8.264624042781326674e-01 -9.674004175281849735e-03 4.997819591516766913e+00 8.263482544556036702e-01 -5.625160237722914847e-01 -2.691255018737594498e-02 1.830673479929290437e+01 1.680042857047853860e-02 -2.314340757580110944e-02 9.995909804943362564e-01 -1.002252043779180007e-01
-5.721500992462300594e-01 -8.200929311776261610e-01 -9.583744832722663337e-03 4.933325245686939198e+00 8.199825691410067563e-01 -5.717596393484452033e-01 -2.682351798422602171e-02 1.828952077717577751e+01 1.651817899901465367e-02 -2.320558218673572995e-02 9.995942430396100864e-01 -1.012215271771703395e-01
-5.815219389671253403e-01 -8.134752576255912526e-01 -9.499459505303351273e-03 4.859888995373250253e+00 8.133679016322314936e-01 -5.811323088786115587e-01 -2.679358452679706654e-02 1.825549023554140504e+01 1.627547524023348693e-02 -2.330761267037154139e-02 9.995958503801986028e-01 -1.058433815116989057e-01
-5.902824795143624126e-01 -8.071424231166604013e-01 -9.364997797287456446e-03 4.836344314530997224e+00 8.070335990358510347e-01 -5.898901973691783596e-01 -2.695041882780000592e-02 1.827888397495951978e+01 1.622850595767554027e-02 -2.346622792693204423e-02 9.995929030066504906e-01 -9.826789503405096438e-02
-6.000935238571429853e-01 -7.998767769558025043e-01 -9.214353559221908144e-03 4.805344823982986568e+00 7.997677553776308956e-01 -5.997002394982786644e-01 -2.703997418514875531e-02 1.831088110623983312e+01 1.610279736389769178e-02 -2.359585625708688142e-02 9.995918844631304090e-01 -9.601673551667606887e-02
-6.086822760620111961e-01 -7.933613491702568021e-01 -9.146390037632737974e-03 4.798334588901611575e+00 7.932525402751519072e-01 -6.082853125770237845e-01 -2.719165037455546427e-02 1.834866518969077021e+01 1.600918970433043431e-02 -2.380647277156635114e-02 9.995883941399016370e-01 -9.170346658012178132e-02
-6.161130338647282656e-01 -7.876054671149713693e-01 -9.075112815179055964e-03 4.778771692716043518e+00 7.874983355839607624e-01 -6.157156587887184784e-01 -2.721394816754849066e-02 1.838302298563728243e+01 1.584616529296473120e-02 -2.391350440613593947e-02 9.995884369842048534e-01 -9.262234314227850429e-02
-6.233131418395692069e-01 -7.819202007459246095e-01 -9.029223418329535358e-03 4.790626324618439291e+00 7.818135487629890301e-01 -6.229123509698850647e-01 -2.734552942973070624e-02 1.845833118651984606e+01 1.575760707425463356e-02 -2.410399706736994843e-02 9.995852615683514797e-01 -8.873827749535487253e-02
-6.303943633146151804e-01 -7.762216066742321230e-01 -9.108459432559955909e-03 4.761551445827464590e+00 7.761192120709791142e-01 -6.299893305035197955e-01 -2.743013135312414447e-02 1.852586960693229656e+01 1.555362837037033499e-02 -2.436105054796786767e-02 9.995822246622414475e-01 -9.332929240690082673e-02
-6.365495496650572793e-01 -7.711808562342532536e-01 -9.206399894462790820e-03 4.694801201943939795e+00 7.710868231547631790e-01 -6.361466129040551643e-01 -2.725065224528113589e-02 1.855550196619983794e+01 1.515856122155502701e-02 -2.444532406212645420e-02 9.995862364764682706e-01 -1.022578502361953801e-01
-6.442227022924593705e-01 -7.647829576362185078e-01 -9.172652844162069996e-03 4.673914644009865782e+00 7.646909208706863526e-01 -6.438173704798879626e-01 -2.733109961755856437e-02 1.861724310863722565e+01 1.499684596651327043e-02 -2.462155920247739022e-02 9.995843503344254977e-01 -1.035408104883047409e-01
-6.510299485674426734e-01 -7.589977776425589351e-01 -9.076320946852978536e-03 4.643614443263395231e+00 7.589060252162618259e-01 -6.506236429907759078e-01 -2.739562139953817185e-02 1.862624873015669991e+01 1.488794675999142829e-02 -2.472344464407775014e-02 9.995834634117367612e-01 -1.027004222230056274e-01
-6.575649303641510901e-01 -7.533445127608977554e-01 -8.967020030863725663e-03 4.608695544119081333e+00 7.532527268230646555e-01 -6.571580516070212319e-01 -2.745222653411538011e-02 1.862745281876884107e+01 1.478823481034140415e-02 -2.480605371897163375e-02 9.995828969175521994e-01 -9.790407502909095894e-02
-6.635853097361243957e-01 -7.480461913313755096e-01 -9.023986759498697774e-03 4.574242355436251017e+00 7.479591894257228146e-01 -6.631770439811037754e-01 -2.744556958966811941e-02 1.865336532692141702e+01 1.454605293638249267e-02 -2.496205061906736980e-02 9.995825670613023295e-01 -1.014778354360044710e-01
-6.684184047756411839e-01 -7.437323277680965017e-01 -8.891613455131539695e-03 4.524913497013320018e+00 7.436426285613912945e-01 -6.680079928192381722e-01 -2.758554904143146677e-02 1.869980984625832932e+01 1.457659574425786142e-02 -2.505087148705969699e-02 9.995799001051628441e-01 -1.009678265770903721e-01
-6.727283028539758902e-01 -7.398362515860695821e-01 -8.885458811065515689e-03 4.496903046873987897e+00 7.397485520567866901e-01 -6.723170622459999635e-01 -2.760158587465029109e-02 1.875497339133196562e+01 1.444680826676887631e-02 -2.514137331137769951e-02 9.995795121344380751e-01 -1.012191072528880464e-01
-6.770370189542018746e-01 -7.358954359893524755e-01 -8.875936888545807313e-03 4.464102473245890934e+00 7.358101740563333104e-01 -6.766258941672822491e-01 -2.758236932380946083e-02 1.879543887974892158e+01 1.429205096537942976e-02 -2.520528976955969253e-02 9.995801271768239848e-01 -1.058737252684097269e-01
-6.793550972664186283e-01 -7.337559833785004537e-01 -8.877424986117009309e-03 4.450983403663578919e+00 7.336717587538760244e-01 -6.789431557117622251e-01 -2.760329181724293854e-02 1.879456855908066260e+01 1.422681359717608077e-02 -2.526555300014649355e-02 9.995795364084181234e-01 -1.080522920747022803e-01
-6.799748215427370290e-01 -7.331824627366865244e-01 -8.815804177198086067e-03 4.440559377091348736e+00 7.330957270723355013e-01 -6.795613812833281031e-01 -2.769447628281497195e-02 1.880669890054809912e+01 1.431422426145696758e-02 -2.529437494113702736e-02 9.995775595621031462e-01 -1.033544196591027198e-01
-6.792756437850075990e-01 -7.338312084523692658e-01 -8.738264232598869780e-03 4.436680767786946866e+00 7.337424641451406604e-01 -6.788640030989119278e-01 -2.767059100809667743e-02 1.878358924769447214e+01 1.437345020098473869e-02 -2.520759405131495906e-02 9.995789019039287293e-01 -1.026194596963541511e-01
-6.769147251030420698e-01 -7.360097109780264768e-01 -8.726986004100607819e-03 4.449797831176659280e+00 7.359197835620260308e-01 -6.765042699612404675e-01 -2.764136187366237479e-02 1.878481324709529687e+01 1.444046746800723563e-02 -2.513320652547040845e-02 9.995798091343449654e-01 -1.009331578109557842e-01
-6.736526611378206297e-01 -7.389963956511244048e-01 -8.741816549192052421e-03 4.435174281745527303e+00 7.389048971263335597e-01 -6.732421705214657326e-01 -2.765018687583273294e-02 1.877587460280114939e+01 1.454802889244188532e-02 -2.508599302784079305e-02 9.995794354673128712e-01 -1.005094482648135057e-01
-6.692911132143728459e-01 -7.429483450174030335e-01 -8.784213577036759438e-03 4.430630804612667006e+00 7.428550768655768355e-01 -6.688798364914108063e-01 -2.767849544793166486e-02 1.879106681526348055e+01 1.468810904449857797e-02 -2.505036868241842726e-02 9.995782803170404351e-01 -1.038689138647280880e-01
-6.638421649231038835e-01 -7.478217762069634400e-01 -8.727605677899295117e-03 4.428698094256792395e+00 7.477241399017253709e-01 -6.634325021387861288e-01 -2.767536294422305240e-02 1.878925084475673657e+01 1.490606180155185437e-02 -2.489791430083434023e-02 9.995788629142958737e-01 -1.029025448503784329e-01
-6.571127609759803700e-01 -7.537417975615998689e-01 -8.724790606827789036e-03 4.425447210123456543e+00 7.536396417951520821e-01 -6.567027536186733627e-01 -2.772694906633987183e-02 1.879527791694721728e+01 1.516936641391179036e-02 -2.479508012209036966e-02 9.995774578912529629e-01 -9.963906874332283115e-02
-6.496522104106190465e-01 -7.601818671559730234e-01 -8.691050330928455289e-03 4.411418088489111433e+00 7.600761093904155885e-01 -6.492457700502816120e-01 -2.764485495974275397e-02 1.877969173065256214e+01 1.537248979590390661e-02 -2.456540085312623745e-02 9.995800256299642861e-01 -1.041546133136060232e-01
-6.404620229809561138e-01 -7.679402097308211106e-01 -8.731059370106044118e-03 4.404619055799736671e+00 7.678309664265347001e-01 -6.400569120625028141e-01 -2.761804333235226561e-02 1.877022218798014919e+01 1.562063108953704559e-02 -2.439228565749000655e-02 9.995804181179060999e-01 -1.004220257497054070e-01
-6.308343822627342501e-01 -7.758683262801518987e-01 -8.736270968197529935e-03 4.399567523983820116e+00 7.757542354591960843e-01 -6.304306894403259864e-01 -2.761361944608491450e-02 1.876933021522357592e+01 1.591691937255268821e-02 -2.419681977100765144e-02 9.995804948030233561e-01 -1.050110577972992731e-01
-6.191005980578410117e-01 -7.852642091701770299e-01 -8.635466447196331677e-03 4.378531511888994032e+00 7.851414206618579916e-01 -6.186999721712971301e-01 -2.762777581196403445e-02 1.876441512696721148e+01 1.635234067354634363e-02 -2.388443492262441389e-02 9.995809795724022173e-01 -1.031696063456683798e-01
-6.073227503264719829e-01 -7.944083329486357758e-01 -8.630033468038027233e-03 4.362721009180717147e+00 7.942803453799305302e-01 -6.069253493407118505e-01 -2.757450399904518706e-02 1.876372161089323853e+01 1.666762967635596060e-02 -2.360128957122202553e-02 9.995824974715930011e-01 -1.037658822706889056e-01
-5.936094705598848886e-01 -8.047072622540023534e-01 -8.603402657187463748e-03 4.350298821261852744e+00 8.045706457808492473e-01 -5.932131272767289243e-01 -2.764528123118216441e-02 1.875701652324502433e+01 1.714270717829545834e-02 -2.333254598692715426e-02 9.995807720681540998e-01 -9.866589004979518795e-02
-5.800890162098064629e-01 -8.145077844142682988e-01 -8.590832398495491448e-03 4.328557094878889622e+00 8.143656422135583384e-01 -5.796970219892121357e-01 -2.756743511714123893e-02 1.875667219147594622e+01 1.747381054143052476e-02 -2.298764505987995269e-02 9.995830301279444718e-01 -1.049090172163442830e-01
-5.649397917012637382e-01 -8.250863339100082960e-01 -8.693293246801285512e-03 4.317953929190427864e+00 8.249402890167401026e-01 -5.645499227728616454e-01 -2.751189295800868240e-02 1.874882682369797848e+01 1.779188886852445250e-02 -2.271401092052841714e-02 9.995836745357500330e-01 -1.104839363758594872e-01
-5.510872330435343525e-01 -8.344033218360535908e-01 -8.599888684204803901e-03 4.295600694515409046e+00 8.342487088739523049e-01 -5.507015685424776485e-01 -2.751134578675778694e-02 1.873253944035791108e+01 1.821958612496872576e-02 -2.233559745818581091e-02 9.995844975626726470e-01 -1.086147742688847312e-01
-5.354539434329812497e-01 -8.445201582132501050e-01 -8.647359917183872549e-03 4.278982170823353748e+00 8.443599551473656151e-01 -5.350709563681059766e-01 -2.748340944751476167e-02 1.873532391173142386e+01 1.858334215390789607e-02 -2.201758439947152507e-02 9.995848565137444020e-01 -1.091990599619035857e-01
-5.201966627569234447e-01 -8.540031993030023916e-01 -8.600443988325611605e-03 4.263504108159087203e+00 8.538356292197939457e-01 -5.198180797967792977e-01 -2.745691518047894963e-02 1.872957863960448677e+01 1.897762712770902083e-02 -2.162636115082664651e-02 9.995859893835925547e-01 -1.100603213689946014e-01
